order_id,order_date,customer_id,region,category,channel,units,unit_price,revenue,cost,profit
700005,2025-01-01,CUST-1087,South,Beauty,In-Store,2,38.54,77.08,53.37,23.71
700002,2025-01-01,CUST-1080,North,Sports,In-Store,1,23.27,23.27,15.36,7.91
700001,2025-01-01,CUST-1011,South,Electronics,Online,1,507.06,507.06,315.97,191.08999999999997
700003,2025-01-01,CUST-1109,North,Beauty,In-Store,2,55.32,110.64,61.95,48.69
700004,2025-01-01,CUST-1074,South,Apparel,Online,2,59.01,118.02,67.69,50.33
700008,2025-01-02,CUST-1005,West,Electronics,In-Store,1,346.21,346.21,242.84,103.36999999999998
700007,2025-01-02,CUST-1077,West,Apparel,Online,1,23.59,23.59,15.45,8.14
700011,2025-01-02,CUST-1045,North,Beauty,In-Store,2,31.34,62.68,45.59,17.089999999999996
700010,2025-01-02,CUST-1082,North,Sports,Online,1,169.59,169.59,109.35,60.24000000000001
700012,2025-01-02,CUST-1050,Unknown,Apparel,In-Store,1,27.3,27.3,16.21,11.09
700006,2025-01-02,CUST-1031,East,Beauty,Online,2,71.73,143.46,95.7,47.760000000000005
700009,2025-01-02,CUST-1102,West,Electronics,In-Store,1,377.97,377.97,233.59,144.38000000000002
700013,2025-01-03,CUST-1035,West,Electronics,In-Store,2,313.58,627.16,379.79,247.36999999999995
700014,2025-01-03,CUST-1019,North,Sports,In-Store,2,139.72,279.44,207.22,72.22
700016,2025-01-04,CUST-1050,West,Beauty,In-Store,1,58.0,58.0,42.96,15.04
700019,2025-01-04,CUST-1077,East,Home & Kitchen,Online,1,36.17,36.17,24.34,11.830000000000002
700022,2025-01-04,CUST-1089,East,Apparel,Online,3,52.98,158.94,104.68,54.25999999999999
700015,2025-01-04,CUST-1053,North,Apparel,In-Store,2,16.27,32.54,19.08,13.46
700018,2025-01-04,CUST-1012,South,Sports,In-Store,2,30.89,61.78,34.63,27.15
700020,2025-01-04,CUST-1039,West,Home & Kitchen,In-Store,2,48.25,96.5,72.24,24.260000000000005
700017,2025-01-04,CUST-1026,South,Sports,Online,2,84.88,169.76,114.9,54.859999999999985
700021,2025-01-04,CUST-1002,South,Electronics,In-Store,1,133.14,133.14,92.94,40.19999999999999
700024,2025-01-05,CUST-1093,West,Apparel,Online,3,100.92,302.76,215.16,87.6
700025,2025-01-05,CUST-1046,West,Electronics,Online,2,490.86,981.72,590.83,390.89
700028,2025-01-05,CUST-1059,North,Apparel,In-Store,2,108.35,216.7,153.39,63.31
700029,2025-01-05,CUST-1115,South,Sports,In-Store,1,147.71,147.71,110.58,37.13000000000001
700027,2025-01-05,CUST-1100,North,Beauty,In-Store,3,47.32,141.96,87.85,54.110000000000014
700026,2025-01-05,CUST-1115,West,Electronics,In-Store,2,133.12,266.24,156.91,109.33000000000001
700023,2025-01-05,CUST-1103,South,Apparel,In-Store,2,96.05,192.1,126.46,65.64
700033,2025-01-06,CUST-1019,South,Apparel,In-Store,1,110.55,110.55,80.65,29.89999999999999
700031,2025-01-06,CUST-1105,West,Apparel,In-Store,3,16.5,49.5,33.66,15.840000000000003
700032,2025-01-06,CUST-1053,East,Apparel,In-Store,1,41.44,41.44,26.95,14.489999999999998
700030,2025-01-06,CUST-1070,South,Sports,In-Store,2,126.2,252.4,188.31,64.09
700035,2025-01-07,CUST-1035,South,Home & Kitchen,In-Store,1,200.38,200.38,145.61,54.76999999999998
700037,2025-01-07,CUST-1112,South,Beauty,In-Store,2,64.8,129.6,84.45,45.14999999999999
700034,2025-01-07,CUST-1007,North,Sports,In-Store,1,125.63,125.63,73.43,52.19999999999999
700038,2025-01-07,CUST-1009,West,Home & Kitchen,Online,1,213.2,213.2,135.03,78.16999999999999
700036,2025-01-07,CUST-1078,West,Electronics,Online,2,344.01,688.02,382.25,305.77
700039,2025-01-08,CUST-1018,South,Apparel,Online,3,22.68,68.04,41.54,26.500000000000007
700043,2025-01-08,CUST-1033,North,Beauty,Online,1,50.01,50.01,28.63,21.38
700042,2025-01-08,CUST-1066,West,Electronics,Online,2,90.13,180.26,115.68,64.57999999999998
700041,2025-01-08,CUST-1040,South,Apparel,Online,2,89.16,178.32,112.48,65.83999999999999
700044,2025-01-09,CUST-1068,West,Apparel,In-Store,2,94.36,188.72,135.86,52.859999999999985
700048,2025-01-09,CUST-1067,East,Apparel,Online,1,116.77,116.77,65.4,51.36999999999999
700047,2025-01-09,CUST-1067,South,Electronics,Online,2,86.0,172.0,108.97,63.03
700046,2025-01-09,CUST-1110,North,Electronics,Online,1,496.85,496.85,333.7,163.15000000000003
700045,2025-01-09,CUST-1034,West,Beauty,Online,1,65.43,65.43,39.64,25.790000000000006
700057,2025-01-10,CUST-1010,East,Electronics,In-Store,1,287.75,287.75,180.94,106.81
700049,2025-01-10,CUST-1004,North,Apparel,Online,3,61.8,185.4,108.57,76.83000000000001
700056,2025-01-10,CUST-1104,North,Electronics,Online,3,225.04,675.12,398.45,276.67
700054,2025-01-10,CUST-1042,East,Home & Kitchen,Online,1,125.67,125.67,75.88,49.790000000000006
700051,2025-01-10,CUST-1043,South,Sports,In-Store,2,113.72,227.44,169.23,58.21000000000001
700052,2025-01-10,CUST-1080,North,Apparel,Online,1,57.49,57.49,42.91,14.580000000000005
700058,2025-01-10,CUST-1019,East,Beauty,In-Store,3,61.92,185.76,131.3,54.45999999999998
700050,2025-01-10,CUST-1013,South,Electronics,In-Store,2,461.2,922.4,687.75,234.64999999999998
700053,2025-01-10,CUST-1031,East,Home & Kitchen,In-Store,1,57.55,57.55,39.31,18.239999999999995
700060,2025-01-11,CUST-1005,North,Beauty,Online,2,75.77,151.54,107.53,44.00999999999999
700063,2025-01-11,CUST-1009,West,Electronics,In-Store,1,202.09,202.09,120.48,81.61
700062,2025-01-11,CUST-1032,North,Apparel,In-Store,2,42.7,85.4,60.59,24.810000000000002
700061,2025-01-11,CUST-1087,North,Apparel,In-Store,2,115.75,231.5,166.02,65.47999999999999
700059,2025-01-11,CUST-1096,South,Apparel,In-Store,3,101.61,304.83,222.03,82.79999999999998
700068,2025-01-12,CUST-1026,East,Sports,In-Store,1,65.02,65.02,46.42,18.599999999999994
700064,2025-01-12,CUST-1018,North,Sports,In-Store,2,155.72,311.44,210.71,100.72999999999999
700071,2025-01-12,CUST-1044,South,Apparel,In-Store,3,114.75,344.25,220.37,123.88
700067,2025-01-12,CUST-1119,East,Sports,Online,1,98.6,98.6,73.82,24.78
700069,2025-01-12,CUST-1077,East,Apparel,In-Store,1,76.05,76.05,53.2,22.849999999999994
700070,2025-01-12,CUST-1003,Unknown,Beauty,In-Store,3,80.72,242.16,150.87,91.28999999999999
700066,2025-01-12,CUST-1036,East,Sports,In-Store,1,194.78,194.78,134.09,60.69
700076,2025-01-13,CUST-1096,West,Beauty,In-Store,1,67.0,67.0,49.36,17.64
700074,2025-01-13,CUST-1034,South,Home & Kitchen,In-Store,1,84.55,84.55,60.62,23.93
700075,2025-01-13,CUST-1116,North,Sports,In-Store,1,46.07,46.07,32.57,13.5
700072,2025-01-13,CUST-1115,South,Home & Kitchen,Online,1,94.65,94.65,67.94,26.710000000000008
700073,2025-01-13,CUST-1096,East,Home & Kitchen,In-Store,2,105.61,211.22,132.65,78.57
700082,2025-01-14,CUST-1046,East,Sports,In-Store,1,81.6,81.6,57.15,24.449999999999996
700081,2025-01-14,CUST-1049,North,Electronics,In-Store,1,204.35,204.35,145.47,58.879999999999995
700078,2025-01-14,CUST-1071,East,Home & Kitchen,In-Store,3,189.98,569.94,343.12,226.82000000000005
700080,2025-01-14,CUST-1071,South,Home & Kitchen,Online,2,118.31,236.62,139.25,97.37
700079,2025-01-14,CUST-1116,South,Sports,In-Store,1,41.79,41.79,23.61,18.18
700077,2025-01-14,CUST-1036,West,Apparel,Online,2,65.99,131.98,75.95,56.02999999999999
700087,2025-01-15,CUST-1009,North,Electronics,Online,3,580.47,1741.41,1045.47,695.94
700088,2025-01-15,CUST-1038,North,Home & Kitchen,In-Store,1,109.26,109.26,77.37,31.89
700085,2025-01-15,CUST-1066,South,Sports,In-Store,1,194.73,194.73,137.6,57.129999999999995
700089,2025-01-15,CUST-1030,West,Sports,In-Store,3,192.2,576.6,413.93,162.67000000000002
700083,2025-01-15,CUST-1108,West,Apparel,Online,1,43.46,43.46,27.25,16.21
700084,2025-01-15,CUST-1009,West,Electronics,Online,3,96.77,290.31,204.01,86.30000000000001
700086,2025-01-15,CUST-1117,South,Electronics,In-Store,1,124.2,124.2,68.34,55.86
700090,2025-01-16,CUST-1024,North,Beauty,Online,2,10.4,20.8,14.37,6.4300000000000015
700096,2025-01-16,CUST-1039,West,Home & Kitchen,Online,1,249.43,249.43,153.61,95.82
700092,2025-01-16,CUST-1063,North,Home & Kitchen,In-Store,2,103.33,206.66,121.85,84.81
700095,2025-01-16,CUST-1057,South,Apparel,In-Store,1,117.28,117.28,74.25,43.03
700093,2025-01-16,CUST-1013,East,Apparel,Online,1,95.41,95.41,56.88,38.529999999999994
700091,2025-01-16,CUST-1004,South,Sports,In-Store,1,25.41,25.41,17.37,8.04
700094,2025-01-16,CUST-1006,South,Beauty,In-Store,1,58.03,58.03,37.55,20.480000000000004
700097,2025-01-17,CUST-1053,North,Home & Kitchen,Online,1,121.76,121.76,67.04,54.72
700098,2025-01-17,CUST-1006,West,Electronics,Online,1,581.42,581.42,363.98,217.43999999999994
700101,2025-01-17,CUST-1042,East,Electronics,Online,1,181.37,181.37,132.35,49.02000000000001
700099,2025-01-17,CUST-1080,West,Sports,Online,2,80.82,161.64,95.14,66.49999999999999
700100,2025-01-17,CUST-1102,West,Sports,Online,2,164.25,328.5,183.35,145.15
700103,2025-01-18,CUST-1116,West,Beauty,Online,1,9.99,9.99,5.71,4.28
700102,2025-01-18,CUST-1092,East,Beauty,Online,3,29.5,88.5,60.88,27.619999999999997
700105,2025-01-18,CUST-1031,West,Home & Kitchen,In-Store,2,125.98,251.96,142.56,109.4
700104,2025-01-18,CUST-1030,South,Sports,In-Store,2,35.21,70.42,41.31,29.11
700107,2025-01-19,CUST-1053,South,Apparel,In-Store,3,59.21,177.63,132.23,45.400000000000006
700106,2025-01-19,CUST-1010,East,Sports,In-Store,2,40.53,81.06,58.91,22.150000000000006
700108,2025-01-19,CUST-1072,East,Sports,Online,3,152.12,456.36,320.33,136.03000000000003
700109,2025-01-20,CUST-1030,South,Home & Kitchen,In-Store,1,78.43,78.43,46.26,32.17000000000001
700110,2025-01-20,CUST-1031,West,Apparel,Online,2,107.84,215.68,126.74,88.94000000000001
700112,2025-01-20,CUST-1024,North,Apparel,Online,1,111.01,111.01,80.52,30.49000000000001
700114,2025-01-20,CUST-1043,North,Electronics,Online,3,411.48,1234.44,832.0,402.44000000000005
700115,2025-01-20,CUST-1052,North,Apparel,Online,1,36.42,36.42,20.31,16.110000000000003
700113,2025-01-20,CUST-1033,West,Beauty,In-Store,1,84.27,84.27,54.99,29.279999999999994
700111,2025-01-20,CUST-1060,North,Beauty,Online,1,61.27,61.27,41.7,19.57
700118,2025-01-21,CUST-1002,West,Home & Kitchen,In-Store,1,239.23,239.23,167.24,71.98999999999998
700119,2025-01-21,CUST-1054,West,Home & Kitchen,In-Store,2,109.87,219.74,129.81,89.93
700117,2025-01-21,CUST-1036,East,Sports,In-Store,1,131.44,131.44,89.46,41.980000000000004
700116,2025-01-21,CUST-1101,West,Home & Kitchen,Online,2,66.78,133.56,88.1,45.46000000000001
700120,2025-01-21,CUST-1006,South,Electronics,Online,1,291.23,291.23,187.02,104.21000000000001
700121,2025-01-22,CUST-1044,South,Beauty,In-Store,2,60.53,121.06,68.74,52.32000000000001
700124,2025-01-22,CUST-1027,South,Apparel,In-Store,2,80.21,160.42,115.39,45.02999999999999
700122,2025-01-22,CUST-1016,South,Home & Kitchen,Online,1,139.87,139.87,79.97,59.900000000000006
700123,2025-01-22,CUST-1088,North,Electronics,In-Store,2,243.55,487.1,358.13,128.97000000000003
700129,2025-01-23,CUST-1081,North,Electronics,Online,2,146.8,293.6,182.93,110.67000000000002
700132,2025-01-23,CUST-1078,North,Sports,Online,1,191.76,191.76,131.78,59.97999999999999
700128,2025-01-23,CUST-1051,South,Beauty,In-Store,2,46.15,92.3,64.86,27.439999999999998
700125,2025-01-23,CUST-1107,North,Apparel,In-Store,1,52.72,52.72,31.6,21.119999999999997
700134,2025-01-23,CUST-1025,East,Sports,Online,2,122.46,244.92,159.49,85.42999999999998
700127,2025-01-23,CUST-1000,South,Apparel,Online,1,55.87,55.87,35.72,20.15
700131,2025-01-23,CUST-1113,South,Sports,In-Store,1,14.91,14.91,11.17,3.74
700126,2025-01-23,CUST-1074,West,Electronics,Online,2,141.22,282.44,181.09,101.35
700130,2025-01-23,CUST-1114,North,Apparel,In-Store,1,111.82,111.82,78.89,32.92999999999999
700135,2025-01-24,CUST-1014,South,Apparel,Online,1,31.93,31.93,21.9,10.030000000000001
700139,2025-01-24,CUST-1046,West,Home & Kitchen,In-Store,1,191.84,191.84,111.24,80.60000000000001
700140,2025-01-24,CUST-1072,North,Electronics,Online,2,333.97,667.94,454.61,213.33000000000004
700138,2025-01-24,CUST-1118,East,Apparel,In-Store,1,79.61,79.61,48.5,31.11
700137,2025-01-24,CUST-1056,East,Sports,Online,1,60.3,60.3,40.13,20.169999999999995
700141,2025-01-24,CUST-1017,East,Home & Kitchen,In-Store,1,44.46,44.46,29.2,15.260000000000002
700136,2025-01-24,CUST-1068,North,Beauty,Online,1,60.18,60.18,44.73,15.450000000000003
700142,2025-01-25,CUST-1081,North,Sports,Online,1,35.6,35.6,24.62,10.98
700145,2025-01-25,CUST-1078,North,Electronics,Online,1,93.12,93.12,55.64,37.480000000000004
700147,2025-01-25,CUST-1095,West,Electronics,In-Store,3,405.5,1216.5,859.57,356.92999999999995
700143,2025-01-25,CUST-1082,East,Apparel,In-Store,1,57.21,57.21,42.53,14.68
700146,2025-01-25,CUST-1039,South,Beauty,In-Store,1,19.67,19.67,12.86,6.810000000000002
700144,2025-01-25,CUST-1005,South,Beauty,Online,2,57.35,114.7,79.91,34.790000000000006
700149,2025-01-26,CUST-1081,North,Electronics,Online,3,254.47,763.41,561.13,202.27999999999997
700154,2025-01-26,CUST-1079,North,Beauty,Online,1,54.35,54.35,31.46,22.89
700151,2025-01-26,CUST-1024,South,Beauty,Online,1,21.92,21.92,15.75,6.170000000000002
700155,2025-01-26,CUST-1089,South,Apparel,Online,3,117.63,352.89,196.12,156.76999999999998
700150,2025-01-26,CUST-1112,South,Beauty,Online,2,64.23,128.46,95.62,32.84
700148,2025-01-26,CUST-1082,East,Sports,In-Store,2,150.93,301.86,176.61,125.25
700152,2025-01-26,CUST-1089,West,Sports,In-Store,2,124.23,248.46,181.75,66.71000000000001
700153,2025-01-26,CUST-1079,South,Electronics,In-Store,3,307.35,922.05,550.25,371.79999999999995
700156,2025-01-27,CUST-1031,West,Beauty,Online,2,24.34,48.68,35.45,13.229999999999997
700160,2025-01-27,CUST-1098,West,Sports,In-Store,1,127.47,127.47,90.22,37.25
700161,2025-01-27,CUST-1104,North,Electronics,In-Store,1,323.85,323.85,212.96,110.89000000000001
700157,2025-01-27,CUST-1012,East,Apparel,In-Store,1,26.76,26.76,19.8,6.960000000000001
700158,2025-01-27,CUST-1033,East,Apparel,In-Store,3,98.16,294.48,174.04,120.44000000000003
700159,2025-01-27,CUST-1064,East,Electronics,In-Store,1,213.49,213.49,119.49,94.00000000000001
700166,2025-01-28,CUST-1058,West,Electronics,In-Store,1,187.18,187.18,118.97,68.21000000000001
700162,2025-01-28,CUST-1062,North,Home & Kitchen,Online,2,120.29,240.58,142.04,98.54000000000002
700163,2025-01-28,CUST-1020,East,Electronics,In-Store,1,441.51,441.51,328.23,113.27999999999997
700167,2025-01-28,CUST-1041,East,Apparel,In-Store,3,77.38,232.14,162.64,69.5
700165,2025-01-28,CUST-1113,North,Beauty,In-Store,1,59.49,59.49,33.85,25.64
700168,2025-01-29,CUST-1042,South,Sports,In-Store,2,42.21,84.42,58.07,26.35
700169,2025-01-29,CUST-1092,South,Sports,In-Store,1,106.46,106.46,64.97,41.489999999999995
700172,2025-01-30,CUST-1088,West,Electronics,In-Store,2,226.02,452.04,290.56,161.48000000000002
700173,2025-01-30,CUST-1094,East,Apparel,In-Store,1,117.99,117.99,75.83,42.16
700171,2025-01-30,CUST-1025,West,Electronics,Online,1,279.8,279.8,198.37,81.43
700174,2025-01-30,CUST-1109,South,Sports,In-Store,2,150.78,301.56,208.15,93.41
700170,2025-01-30,CUST-1084,North,Home & Kitchen,In-Store,1,57.01,57.01,42.25,14.759999999999998
700180,2025-01-31,CUST-1035,North,Apparel,Online,1,68.95,68.95,47.98,20.970000000000006
700175,2025-01-31,CUST-1100,West,Electronics,In-Store,1,304.92,304.92,206.02,98.9
700179,2025-01-31,CUST-1087,West,Sports,In-Store,1,131.46,131.46,86.02,45.44000000000001
700177,2025-01-31,CUST-1069,North,Apparel,Online,2,96.71,193.42,138.56,54.859999999999985
700176,2025-01-31,CUST-1086,West,Sports,In-Store,2,57.51,115.02,74.37,40.64999999999999
700178,2025-01-31,CUST-1026,West,Apparel,In-Store,1,90.2,90.2,58.98,31.220000000000006
700183,2025-02-01,CUST-1092,West,Apparel,In-Store,1,112.59,112.59,80.15,32.44
700186,2025-02-01,CUST-1083,East,Home & Kitchen,In-Store,2,176.13,352.26,193.93,158.32999999999998
700184,2025-02-01,CUST-1097,West,Apparel,Online,3,52.08,156.24,111.89,44.35000000000001
700181,2025-02-01,CUST-1033,East,Sports,In-Store,1,21.69,21.69,13.75,7.940000000000001
700187,2025-02-01,CUST-1118,East,Home & Kitchen,In-Store,2,130.3,260.6,175.82,84.78000000000003
700185,2025-02-01,CUST-1087,East,Beauty,In-Store,2,71.95,143.9,89.35,54.55000000000001
700182,2025-02-01,CUST-1027,West,Electronics,In-Store,2,237.82,475.64,351.02,124.62
700189,2025-02-02,CUST-1044,South,Electronics,In-Store,1,210.01,210.01,139.8,70.20999999999998
700191,2025-02-02,CUST-1053,North,Apparel,Online,2,23.25,46.5,31.82,14.68
700188,2025-02-02,CUST-1026,North,Electronics,Online,1,551.02,551.02,361.54,189.47999999999996
700192,2025-02-02,CUST-1031,South,Apparel,In-Store,2,64.69,129.38,72.67,56.709999999999994
700190,2025-02-02,CUST-1063,East,Apparel,In-Store,2,109.93,219.86,128.31,91.55000000000001
700193,2025-02-03,CUST-1063,West,Sports,In-Store,3,112.51,337.53,186.09,151.43999999999997
700197,2025-02-03,CUST-1043,East,Home & Kitchen,In-Store,2,129.14,258.28,170.68,87.59999999999997
700195,2025-02-03,CUST-1061,North,Electronics,In-Store,3,397.03,1191.09,830.56,360.53
700199,2025-02-03,CUST-1040,East,Home & Kitchen,In-Store,3,244.25,732.75,475.14,257.61
700196,2025-02-03,CUST-1110,East,Sports,Online,3,16.44,49.32,31.23,18.09
700198,2025-02-03,CUST-1064,West,Sports,Online,1,115.27,115.27,70.15,45.11999999999999
700194,2025-02-03,CUST-1081,South,Home & Kitchen,Online,2,106.24,212.48,159.36,53.119999999999976
700202,2025-02-04,CUST-1111,North,Beauty,In-Store,3,25.43,76.29,51.63,24.660000000000004
700201,2025-02-04,CUST-1018,West,Electronics,In-Store,2,178.77,357.54,240.17,117.37000000000003
700203,2025-02-04,CUST-1090,East,Electronics,In-Store,3,482.76,1448.28,800.44,647.8399999999999
700200,2025-02-04,CUST-1013,West,Electronics,Online,2,287.42,574.84,417.98,156.86
700204,2025-02-04,CUST-1072,North,Home & Kitchen,In-Store,1,62.5,62.5,38.36,24.14
700208,2025-02-05,CUST-1118,West,Electronics,In-Store,1,325.61,325.61,225.93,99.68
700206,2025-02-05,CUST-1114,West,Sports,In-Store,2,100.34,200.68,132.4,68.28
700207,2025-02-05,CUST-1111,North,Apparel,In-Store,1,59.83,59.83,41.09,18.739999999999995
700205,2025-02-05,CUST-1001,West,Beauty,Online,2,75.63,151.26,100.6,50.66
700216,2025-02-06,CUST-1103,East,Electronics,In-Store,2,216.78,433.56,252.1,181.46
700210,2025-02-06,CUST-1039,West,Electronics,Online,3,111.49,334.47,229.89,104.58000000000004
700211,2025-02-06,CUST-1093,East,Beauty,In-Store,2,86.53,173.06,116.26,56.8
700215,2025-02-06,CUST-1088,West,Apparel,Online,2,55.67,111.34,74.64,36.7
700214,2025-02-06,CUST-1054,East,Beauty,In-Store,3,79.3,237.9,177.35,60.55000000000001
700209,2025-02-06,CUST-1091,East,Apparel,Online,2,45.78,91.56,63.35,28.21
700213,2025-02-06,CUST-1007,East,Sports,Online,2,83.29,166.58,123.1,43.48000000000002
700217,2025-02-06,CUST-1010,East,Beauty,In-Store,2,30.46,60.92,41.85,19.07
700212,2025-02-06,CUST-1080,East,Sports,In-Store,1,138.61,138.61,103.02,35.59000000000002
700219,2025-02-07,CUST-1069,West,Sports,In-Store,1,144.58,144.58,96.48,48.10000000000001
700218,2025-02-07,CUST-1007,East,Beauty,In-Store,1,73.39,73.39,51.93,21.46
700222,2025-02-07,CUST-1047,East,Home & Kitchen,Online,1,199.32,199.32,119.44,79.88
700220,2025-02-07,CUST-1064,East,Electronics,In-Store,1,499.42,499.42,297.94,201.48000000000002
700221,2025-02-07,CUST-1072,East,Beauty,In-Store,1,23.51,23.51,13.36,10.150000000000002
700224,2025-02-07,CUST-1057,West,Apparel,Online,2,66.06,132.12,78.31,53.81
700223,2025-02-07,CUST-1004,North,Sports,Online,2,39.67,79.34,44.12,35.220000000000006
700226,2025-02-08,CUST-1090,West,Electronics,Online,3,369.84,1109.52,711.93,397.59000000000003
700227,2025-02-08,CUST-1108,South,Electronics,In-Store,1,245.73,245.73,166.64,79.09
700228,2025-02-08,CUST-1007,East,Apparel,Online,3,116.41,349.23,207.56,141.67000000000002
700229,2025-02-08,CUST-1018,North,Beauty,Online,1,76.65,76.65,46.11,30.540000000000006
700225,2025-02-08,CUST-1003,West,Apparel,Online,1,103.59,103.59,61.14,42.45
700230,2025-02-08,CUST-1041,North,Home & Kitchen,In-Store,3,236.06,708.18,495.47,212.70999999999992
700231,2025-02-09,CUST-1103,West,Home & Kitchen,In-Store,1,109.71,109.71,70.9,38.80999999999999
700232,2025-02-09,CUST-1119,South,Apparel,Online,1,64.13,64.13,45.52,18.609999999999992
700234,2025-02-10,CUST-1091,North,Apparel,In-Store,1,27.14,27.14,15.7,11.440000000000001
700235,2025-02-10,CUST-1003,South,Sports,In-Store,1,93.4,93.4,56.35,37.050000000000004
700236,2025-02-10,CUST-1115,East,Home & Kitchen,In-Store,1,96.94,96.94,58.37,38.57
700233,2025-02-10,CUST-1041,West,Apparel,Online,2,115.59,231.18,166.09,65.09
700238,2025-02-11,CUST-1049,South,Home & Kitchen,Online,2,243.26,486.52,364.02,122.5
700237,2025-02-11,CUST-1015,West,Sports,Online,2,39.14,78.28,43.94,34.34
700239,2025-02-11,CUST-1056,South,Home & Kitchen,Online,1,226.13,226.13,162.01,64.12
700240,2025-02-11,CUST-1055,South,Beauty,Online,2,49.88,99.76,54.91,44.85000000000001
700241,2025-02-12,CUST-1076,South,Home & Kitchen,In-Store,1,51.76,51.76,33.87,17.89
700243,2025-02-12,CUST-1103,North,Beauty,In-Store,1,55.8,55.8,30.8,24.999999999999996
700242,2025-02-12,CUST-1017,South,Electronics,In-Store,3,542.45,1627.35,1056.31,571.04
700247,2025-02-12,CUST-1093,East,Apparel,Online,2,96.81,193.62,128.81,64.81
700246,2025-02-12,CUST-1091,North,Home & Kitchen,Online,2,101.92,203.84,151.61,52.22999999999999
700245,2025-02-12,CUST-1089,North,Sports,In-Store,1,175.68,175.68,105.35,70.33000000000001
700244,2025-02-12,CUST-1052,North,Home & Kitchen,Online,3,84.8,254.4,183.91,70.49000000000001
700249,2025-02-13,CUST-1118,North,Apparel,Online,1,34.15,34.15,20.91,13.239999999999998
700250,2025-02-13,CUST-1013,South,Apparel,In-Store,2,16.86,33.72,22.84,10.879999999999999
700252,2025-02-13,CUST-1085,South,Home & Kitchen,In-Store,2,48.07,96.14,69.88,26.260000000000005
700248,2025-02-13,CUST-1011,North,Sports,In-Store,2,107.53,215.06,152.89,62.170000000000016
700251,2025-02-13,CUST-1064,West,Home & Kitchen,In-Store,1,184.93,184.93,111.81,73.12
700253,2025-02-13,CUST-1076,West,Beauty,In-Store,1,69.22,69.22,51.2,18.019999999999996
700255,2025-02-14,CUST-1111,East,Home & Kitchen,In-Store,1,214.96,214.96,132.2,82.76000000000002
700259,2025-02-14,CUST-1015,East,Beauty,In-Store,1,43.56,43.56,26.46,17.1
700260,2025-02-14,CUST-1068,West,Electronics,In-Store,2,578.72,1157.44,845.26,312.18000000000006
700254,2025-02-14,CUST-1102,West,Sports,In-Store,1,157.61,157.61,99.32,58.29000000000002
700258,2025-02-14,CUST-1015,North,Beauty,Online,2,83.27,166.54,100.7,65.83999999999999
700257,2025-02-14,CUST-1004,North,Electronics,Online,2,152.49,304.98,215.11,89.87
700256,2025-02-14,CUST-1064,West,Sports,In-Store,2,79.24,158.48,93.11,65.36999999999999
700263,2025-02-15,CUST-1031,East,Home & Kitchen,Online,1,225.12,225.12,151.41,73.71000000000001
700261,2025-02-15,CUST-1031,East,Apparel,Online,1,28.01,28.01,20.36,7.650000000000002
700262,2025-02-15,CUST-1070,West,Electronics,In-Store,2,229.33,458.66,308.22,150.44
700265,2025-02-16,CUST-1098,East,Beauty,Online,1,48.3,48.3,35.05,13.25
700268,2025-02-16,CUST-1034,North,Home & Kitchen,In-Store,2,175.33,350.66,235.7,114.96000000000004
700267,2025-02-16,CUST-1085,West,Sports,Online,1,149.73,149.73,97.95,51.77999999999999
700264,2025-02-16,CUST-1041,South,Beauty,In-Store,2,87.51,175.02,96.68,78.34
700266,2025-02-16,CUST-1049,North,Electronics,In-Store,2,366.59,733.18,531.01,202.16999999999996
700275,2025-02-17,CUST-1086,West,Sports,Online,1,84.01,84.01,46.89,37.120000000000005
700269,2025-02-17,CUST-1073,West,Apparel,In-Store,1,106.44,106.44,67.28,39.16
700271,2025-02-17,CUST-1100,East,Sports,Online,1,147.38,147.38,91.46,55.92
700270,2025-02-17,CUST-1088,West,Apparel,In-Store,1,104.24,104.24,75.53,28.709999999999994
700274,2025-02-17,CUST-1079,East,Electronics,In-Store,2,104.67,209.34,152.65,56.69
700272,2025-02-17,CUST-1048,West,Sports,In-Store,1,94.37,94.37,62.04,32.330000000000005
700273,2025-02-17,CUST-1054,East,Beauty,In-Store,1,15.21,15.21,9.35,5.860000000000001
700279,2025-02-18,CUST-1007,West,Sports,In-Store,2,109.57,219.14,129.63,89.50999999999999
700281,2025-02-18,CUST-1075,West,Electronics,Online,2,449.53,899.06,495.19,403.86999999999995
700278,2025-02-18,CUST-1113,East,Home & Kitchen,In-Store,2,209.99,419.98,245.74,174.24
700282,2025-02-18,CUST-1025,South,Electronics,In-Store,2,182.26,364.52,256.55,107.96999999999997
700280,2025-02-18,CUST-1100,West,Beauty,Online,3,36.96,110.88,75.1,35.78
700276,2025-02-18,CUST-1062,South,Sports,In-Store,3,105.17,315.51,208.95,106.56
700277,2025-02-18,CUST-1040,South,Sports,Online,2,155.79,311.58,192.76,118.82
700288,2025-02-19,CUST-1086,North,Sports,In-Store,1,89.49,89.49,66.4,23.08999999999999
700283,2025-02-19,CUST-1009,North,Sports,Online,2,37.62,75.24,52.81,22.429999999999993
700286,2025-02-19,CUST-1079,West,Sports,Online,1,13.71,13.71,9.98,3.7300000000000004
700285,2025-02-19,CUST-1024,North,Apparel,Online,1,52.15,52.15,29.03,23.119999999999997
700284,2025-02-19,CUST-1041,North,Apparel,In-Store,2,66.49,132.98,89.44,43.53999999999999
700291,2025-02-20,CUST-1031,East,Sports,In-Store,1,86.61,86.61,64.29,22.319999999999993
700290,2025-02-20,CUST-1068,North,Home & Kitchen,Online,1,62.91,62.91,39.58,23.33
700289,2025-02-20,CUST-1021,North,Apparel,In-Store,3,47.46,142.38,92.1,50.28
700292,2025-02-21,CUST-1043,East,Sports,Online,1,98.73,98.73,58.98,39.75000000000001
700298,2025-02-21,CUST-1116,North,Electronics,In-Store,1,483.59,483.59,297.02,186.57
700293,2025-02-21,CUST-1107,West,Apparel,In-Store,1,89.12,89.12,52.51,36.61000000000001
700299,2025-02-21,CUST-1104,East,Home & Kitchen,In-Store,3,64.35,193.05,118.2,74.85000000000001
700295,2025-02-21,CUST-1047,West,Beauty,In-Store,2,26.64,53.28,36.5,16.78
700296,2025-02-21,CUST-1109,North,Beauty,In-Store,2,41.14,82.28,48.75,33.53
700294,2025-02-21,CUST-1060,South,Apparel,Online,1,53.63,53.63,37.25,16.380000000000003
700297,2025-02-21,CUST-1090,North,Home & Kitchen,In-Store,3,26.6,79.8,52.95,26.849999999999994
700302,2025-02-22,CUST-1005,North,Electronics,In-Store,1,231.57,231.57,169.63,61.94
700300,2025-02-22,CUST-1003,East,Sports,In-Store,3,157.25,471.75,340.72,131.02999999999997
700301,2025-02-22,CUST-1045,South,Home & Kitchen,In-Store,1,226.3,226.3,154.29,72.01000000000002
700303,2025-02-22,CUST-1072,East,Beauty,In-Store,1,43.32,43.32,25.18,18.14
700304,2025-02-22,CUST-1014,East,Apparel,Online,2,67.28,134.56,80.86,53.7
700307,2025-02-23,CUST-1088,West,Beauty,Online,1,31.06,31.06,19.25,11.809999999999999
700306,2025-02-23,CUST-1095,West,Home & Kitchen,In-Store,1,198.74,198.74,139.1,59.640000000000015
700308,2025-02-23,CUST-1097,South,Beauty,In-Store,3,49.71,149.13,102.85,46.28
700305,2025-02-23,CUST-1004,South,Home & Kitchen,Online,2,221.28,442.56,297.17,145.39
700313,2025-02-24,CUST-1014,West,Sports,In-Store,1,138.63,138.63,92.85,45.78
700312,2025-02-24,CUST-1070,East,Home & Kitchen,Online,1,223.48,223.48,149.18,74.29999999999998
700311,2025-02-24,CUST-1089,South,Sports,Online,1,55.2,55.2,30.42,24.78
700309,2025-02-24,CUST-1007,East,Beauty,In-Store,1,22.31,22.31,16.6,5.709999999999997
700314,2025-02-24,CUST-1014,East,Home & Kitchen,In-Store,1,102.91,102.91,57.49,45.419999999999995
700310,2025-02-24,CUST-1087,South,Apparel,In-Store,1,51.46,51.46,30.38,21.080000000000002
700315,2025-02-24,CUST-1021,East,Home & Kitchen,Online,1,241.46,241.46,148.47,92.99000000000001
700316,2025-02-25,CUST-1094,North,Beauty,Online,2,11.74,23.48,17.57,5.91
700322,2025-02-25,CUST-1074,East,Sports,In-Store,2,189.54,379.08,240.56,138.51999999999998
700324,2025-02-25,CUST-1036,West,Sports,In-Store,3,46.25,138.75,86.65,52.099999999999994
700317,2025-02-25,CUST-1041,South,Beauty,In-Store,2,16.92,33.84,25.09,8.750000000000004
700325,2025-02-25,CUST-1085,West,Electronics,Online,2,347.6,695.2,506.19,189.01000000000005
700321,2025-02-25,CUST-1102,North,Beauty,In-Store,1,76.7,76.7,45.86,30.840000000000003
700318,2025-02-25,CUST-1017,South,Electronics,Online,3,558.17,1674.51,1016.75,657.76
700323,2025-02-25,CUST-1108,North,Electronics,Online,1,437.75,437.75,252.87,184.88
700320,2025-02-25,CUST-1017,South,Home & Kitchen,Online,3,107.26,321.78,230.09,91.68999999999997
700319,2025-02-25,CUST-1100,South,Electronics,Online,1,482.71,482.71,294.1,188.60999999999996
700332,2025-02-26,CUST-1058,South,Home & Kitchen,In-Store,3,63.13,189.39,113.69,75.69999999999999
700329,2025-02-26,CUST-1086,South,Apparel,In-Store,2,105.85,211.7,153.91,57.78999999999999
700328,2025-02-26,CUST-1061,West,Electronics,Online,1,455.84,455.84,306.25,149.58999999999997
700327,2025-02-26,CUST-1079,West,Beauty,In-Store,2,50.38,100.76,74.99,25.77000000000001
700326,2025-02-26,CUST-1010,South,Apparel,In-Store,2,46.05,92.1,65.47,26.629999999999995
700331,2025-02-26,CUST-1110,North,Beauty,In-Store,1,40.5,40.5,24.12,16.38
700330,2025-02-26,CUST-1030,East,Sports,In-Store,2,37.91,75.82,47.34,28.47999999999999
700337,2025-02-27,CUST-1021,North,Electronics,Online,1,301.51,301.51,203.29,98.22
700336,2025-02-27,CUST-1038,South,Beauty,In-Store,1,41.16,41.16,25.7,15.459999999999997
700333,2025-02-27,CUST-1102,West,Apparel,Online,1,75.13,75.13,52.37,22.759999999999998
700335,2025-02-27,CUST-1099,South,Sports,Online,1,193.91,193.91,128.49,65.41999999999999
700334,2025-02-27,CUST-1106,North,Sports,In-Store,2,174.06,348.12,226.78,121.34
700338,2025-02-28,CUST-1104,West,Electronics,Online,1,143.82,143.82,93.86,49.959999999999994
700339,2025-02-28,CUST-1032,North,Beauty,In-Store,2,16.17,32.34,19.9,12.440000000000005
700340,2025-02-28,CUST-1062,North,Home & Kitchen,Online,1,179.6,179.6,128.89,50.71000000000001
700348,2025-03-01,CUST-1115,North,Home & Kitchen,In-Store,1,135.0,135.0,83.88,51.120000000000005
700342,2025-03-01,CUST-1061,West,Home & Kitchen,In-Store,1,238.22,238.22,132.2,106.02000000000001
700346,2025-03-01,CUST-1002,East,Sports,In-Store,1,188.11,188.11,103.69,84.42000000000002
700341,2025-03-01,CUST-1075,West,Electronics,In-Store,1,496.36,496.36,287.91,208.45
700347,2025-03-01,CUST-1049,Unknown,Apparel,Online,2,107.01,214.02,119.65,94.37
700343,2025-03-01,CUST-1088,Unknown,Electronics,In-Store,2,118.79,237.58,169.55,68.03
700344,2025-03-01,CUST-1027,East,Sports,In-Store,2,53.55,107.1,69.98,37.11999999999999
700345,2025-03-01,CUST-1073,West,Home & Kitchen,Online,1,155.52,155.52,92.11,63.41000000000001
700349,2025-03-02,CUST-1038,South,Sports,Online,1,78.95,78.95,55.94,23.010000000000005
700353,2025-03-02,CUST-1070,East,Home & Kitchen,In-Store,1,154.96,154.96,94.57,60.390000000000015
700352,2025-03-02,CUST-1098,West,Apparel,In-Store,3,15.76,47.28,30.29,16.990000000000002
700351,2025-03-02,CUST-1019,South,Home & Kitchen,Online,2,223.24,446.48,290.55,155.93
700350,2025-03-02,CUST-1090,East,Home & Kitchen,Online,3,137.05,411.15,246.3,164.84999999999997
700355,2025-03-03,CUST-1115,West,Sports,Online,3,194.41,583.23,370.73,212.5
700361,2025-03-04,CUST-1053,East,Sports,Online,1,188.65,188.65,104.73,83.92
700357,2025-03-04,CUST-1093,South,Sports,In-Store,1,179.64,179.64,129.85,49.78999999999999
700358,2025-03-04,CUST-1024,South,Electronics,Online,1,392.53,392.53,221.66,170.86999999999998
700359,2025-03-04,CUST-1051,North,Home & Kitchen,In-Store,1,167.18,167.18,99.04,68.14
700356,2025-03-04,CUST-1051,South,Beauty,Online,3,70.2,210.6,127.12,83.47999999999999
700362,2025-03-04,CUST-1104,North,Beauty,Online,1,20.85,20.85,12.12,8.730000000000002
700360,2025-03-04,CUST-1076,East,Beauty,In-Store,2,22.31,44.62,31.65,12.969999999999999
700370,2025-03-05,CUST-1032,South,Home & Kitchen,Online,2,72.47,144.94,91.6,53.34
700368,2025-03-05,CUST-1115,South,Apparel,Online,3,18.05,54.15,32.41,21.740000000000002
700371,2025-03-05,CUST-1082,East,Electronics,In-Store,1,448.82,448.82,267.62,181.2
700364,2025-03-05,CUST-1035,West,Beauty,In-Store,2,74.7,149.4,104.98,44.42
700369,2025-03-05,CUST-1086,North,Sports,In-Store,1,50.3,50.3,28.75,21.549999999999997
700363,2025-03-05,CUST-1094,East,Home & Kitchen,In-Store,3,99.14,297.42,198.59,98.83000000000001
700365,2025-03-05,CUST-1080,East,Home & Kitchen,In-Store,1,50.33,50.33,33.3,17.03
700367,2025-03-05,CUST-1111,Unknown,Beauty,In-Store,1,53.53,53.53,32.22,21.310000000000002
700366,2025-03-05,CUST-1069,North,Apparel,Online,1,94.44,94.44,69.64,24.799999999999997
700374,2025-03-06,CUST-1103,East,Apparel,Online,2,19.85,39.7,23.28,16.42
700376,2025-03-06,CUST-1082,West,Home & Kitchen,Online,2,192.8,385.6,264.74,120.86000000000001
700373,2025-03-06,CUST-1006,South,Electronics,In-Store,1,82.04,82.04,47.77,34.27
700372,2025-03-06,CUST-1036,South,Sports,Online,1,196.46,196.46,126.81,69.65
700375,2025-03-06,CUST-1094,South,Electronics,In-Store,1,586.65,586.65,338.31,248.33999999999997
700379,2025-03-07,CUST-1087,South,Electronics,In-Store,1,577.73,577.73,378.46,199.27000000000004
700380,2025-03-07,CUST-1117,East,Beauty,In-Store,2,59.92,119.84,77.91,41.93000000000001
700386,2025-03-07,CUST-1041,West,Apparel,In-Store,2,24.12,48.24,34.1,14.14
700382,2025-03-07,CUST-1001,East,Home & Kitchen,Online,1,242.25,242.25,157.89,84.36000000000001
700381,2025-03-07,CUST-1033,South,Electronics,Online,1,584.66,584.66,407.09,177.57
700378,2025-03-07,CUST-1008,North,Beauty,Online,3,55.14,165.42,94.45,70.96999999999998
700384,2025-03-07,CUST-1102,West,Sports,In-Store,2,112.6,225.2,167.68,57.51999999999998
700383,2025-03-07,CUST-1051,West,Home & Kitchen,Online,2,170.22,340.44,206.45,133.99
700385,2025-03-07,CUST-1105,West,Apparel,In-Store,2,40.1,80.2,58.97,21.230000000000004
700377,2025-03-07,CUST-1017,North,Sports,Online,1,196.13,196.13,130.83,65.29999999999998
700390,2025-03-08,CUST-1021,South,Home & Kitchen,In-Store,1,151.26,151.26,85.19,66.07
700388,2025-03-08,CUST-1067,North,Sports,In-Store,3,166.75,500.25,362.12,138.13
700389,2025-03-08,CUST-1109,East,Home & Kitchen,In-Store,2,36.56,73.12,49.93,23.190000000000005
700391,2025-03-08,CUST-1041,South,Home & Kitchen,Online,1,174.95,174.95,124.98,49.969999999999985
700387,2025-03-08,CUST-1069,East,Home & Kitchen,In-Store,1,243.47,243.47,156.96,86.50999999999999
700392,2025-03-09,CUST-1013,East,Sports,In-Store,2,168.1,336.2,193.18,143.01999999999998
700395,2025-03-09,CUST-1032,East,Apparel,In-Store,3,66.32,198.96,118.88,80.08000000000001
700394,2025-03-09,CUST-1087,South,Home & Kitchen,Online,2,179.85,359.7,243.49,116.20999999999998
700393,2025-03-09,CUST-1050,North,Home & Kitchen,Online,2,172.49,344.98,225.71,119.27000000000001
700399,2025-03-10,CUST-1047,South,Sports,In-Store,2,76.95,153.9,110.8,43.10000000000001
700400,2025-03-10,CUST-1067,West,Electronics,In-Store,1,251.31,251.31,142.24,109.07
700402,2025-03-10,CUST-1056,South,Sports,Online,2,143.18,286.36,181.26,105.10000000000002
700398,2025-03-10,CUST-1052,North,Home & Kitchen,Online,3,231.72,695.16,443.86,251.29999999999995
700401,2025-03-10,CUST-1072,North,Sports,In-Store,3,187.79,563.37,395.15,168.22000000000003
700396,2025-03-10,CUST-1030,East,Beauty,Online,1,12.73,12.73,7.78,4.95
700397,2025-03-10,CUST-1054,South,Home & Kitchen,In-Store,3,41.01,123.03,79.81,43.22
700407,2025-03-11,CUST-1033,East,Apparel,In-Store,2,50.11,100.22,74.81,25.409999999999997
700406,2025-03-11,CUST-1111,West,Electronics,Online,2,439.33,878.66,631.51,247.14999999999998
700403,2025-03-11,CUST-1005,West,Sports,In-Store,1,35.7,35.7,24.42,11.280000000000001
700408,2025-03-11,CUST-1039,West,Electronics,Online,3,279.54,838.62,605.3,233.32000000000005
700405,2025-03-11,CUST-1061,South,Electronics,Online,1,338.41,338.41,224.33,114.08000000000001
700404,2025-03-11,CUST-1104,North,Home & Kitchen,In-Store,2,196.92,393.84,225.92,167.92
700409,2025-03-12,CUST-1090,West,Sports,In-Store,1,67.94,67.94,38.08,29.86
700410,2025-03-12,CUST-1068,East,Beauty,Online,1,37.99,37.99,22.42,15.57
700411,2025-03-12,CUST-1025,West,Electronics,Online,1,574.74,574.74,320.17,254.57
700412,2025-03-12,CUST-1007,South,Apparel,In-Store,2,79.13,158.26,116.63,41.629999999999995
700415,2025-03-13,CUST-1025,West,Apparel,Online,3,96.64,289.92,171.45,118.47000000000003
700421,2025-03-13,CUST-1062,North,Beauty,In-Store,1,31.84,31.84,17.63,14.21
700419,2025-03-13,CUST-1019,South,Electronics,In-Store,3,277.59,832.77,506.5,326.27
700413,2025-03-13,CUST-1001,West,Apparel,In-Store,1,105.1,105.1,58.83,46.269999999999996
700414,2025-03-13,CUST-1107,South,Beauty,In-Store,3,48.85,146.55,101.72,44.83000000000001
700417,2025-03-13,CUST-1092,East,Electronics,In-Store,2,101.71,203.42,123.83,79.58999999999999
700418,2025-03-13,CUST-1050,South,Apparel,In-Store,1,110.75,110.75,73.07,37.68000000000001
700420,2025-03-13,CUST-1083,North,Apparel,In-Store,2,49.98,99.96,57.26,42.699999999999996
700424,2025-03-14,CUST-1100,South,Home & Kitchen,Online,1,123.41,123.41,76.01,47.39999999999999
700425,2025-03-14,CUST-1050,South,Home & Kitchen,In-Store,2,186.45,372.9,212.23,160.67
700423,2025-03-14,CUST-1022,East,Beauty,Online,1,87.32,87.32,51.42,35.89999999999999
700426,2025-03-14,CUST-1073,South,Sports,In-Store,2,16.41,32.82,21.85,10.969999999999999
700422,2025-03-14,CUST-1074,East,Beauty,Online,2,24.51,49.02,29.62,19.400000000000002
700429,2025-03-15,CUST-1025,East,Home & Kitchen,Online,1,94.58,94.58,55.12,39.46
700428,2025-03-15,CUST-1063,North,Electronics,In-Store,1,237.76,237.76,135.24,102.51999999999998
700433,2025-03-15,CUST-1076,South,Beauty,Online,2,27.18,54.36,38.32,16.04
700430,2025-03-15,CUST-1013,North,Home & Kitchen,Online,1,147.72,147.72,108.08,39.64
700432,2025-03-15,CUST-1084,North,Home & Kitchen,Online,2,117.52,235.04,153.63,81.41
700431,2025-03-15,CUST-1019,North,Electronics,In-Store,3,491.67,1475.01,979.53,495.48
700427,2025-03-15,CUST-1042,South,Home & Kitchen,Online,3,106.18,318.54,221.97,96.57000000000002
700435,2025-03-16,CUST-1018,North,Apparel,In-Store,2,48.34,96.68,68.38,28.30000000000001
700438,2025-03-16,CUST-1074,North,Electronics,Online,1,530.65,530.65,381.61,149.03999999999996
700434,2025-03-16,CUST-1075,North,Apparel,In-Store,1,96.15,96.15,68.55,27.60000000000001
700436,2025-03-16,CUST-1087,South,Beauty,In-Store,1,20.4,20.4,14.36,6.039999999999999
700437,2025-03-16,CUST-1081,North,Home & Kitchen,In-Store,2,249.38,498.76,278.08,220.68
700439,2025-03-17,CUST-1095,East,Apparel,Online,3,85.64,256.92,166.8,90.12
700442,2025-03-17,CUST-1011,West,Electronics,In-Store,2,425.08,850.16,602.53,247.63
700443,2025-03-17,CUST-1077,East,Apparel,In-Store,2,84.64,169.28,119.95,49.33
700441,2025-03-17,CUST-1116,West,Home & Kitchen,In-Store,2,75.22,150.44,96.52,53.92
700440,2025-03-17,CUST-1100,North,Sports,Online,3,92.71,278.13,196.61,81.51999999999998
700444,2025-03-17,CUST-1042,West,Electronics,In-Store,2,536.67,1073.34,680.21,393.1299999999999
700445,2025-03-18,CUST-1052,South,Sports,In-Store,1,127.66,127.66,78.79,48.86999999999999
700446,2025-03-18,CUST-1034,South,Beauty,In-Store,3,17.9,53.7,36.27,17.43
700449,2025-03-18,CUST-1094,North,Apparel,In-Store,3,74.35,223.05,133.87,89.18
700448,2025-03-18,CUST-1013,North,Beauty,In-Store,1,78.25,78.25,49.16,29.090000000000003
700450,2025-03-19,CUST-1034,East,Beauty,In-Store,1,19.07,19.07,13.03,6.040000000000001
700452,2025-03-19,CUST-1096,West,Home & Kitchen,Online,3,33.11,99.33,57.0,42.33
700453,2025-03-19,CUST-1000,West,Beauty,In-Store,3,67.77,203.31,130.48,72.83000000000001
700454,2025-03-19,CUST-1082,South,Home & Kitchen,In-Store,2,63.16,126.32,82.31,44.00999999999999
700451,2025-03-19,CUST-1063,North,Home & Kitchen,In-Store,3,90.23,270.69,183.09,87.6
700462,2025-03-20,CUST-1098,East,Home & Kitchen,In-Store,1,141.75,141.75,102.1,39.650000000000006
700461,2025-03-20,CUST-1050,North,Apparel,Online,2,94.49,188.98,128.94,60.03999999999999
700458,2025-03-20,CUST-1041,South,Sports,In-Store,1,192.8,192.8,116.54,76.26
700460,2025-03-20,CUST-1005,South,Electronics,Online,2,561.42,1122.84,718.67,404.16999999999996
700456,2025-03-20,CUST-1025,East,Home & Kitchen,In-Store,2,94.57,189.14,122.78,66.35999999999999
700455,2025-03-20,CUST-1063,North,Apparel,In-Store,1,96.15,96.15,60.97,35.18000000000001
700457,2025-03-20,CUST-1038,North,Beauty,In-Store,3,21.3,63.9,41.8,22.1
700467,2025-03-21,CUST-1027,West,Home & Kitchen,In-Store,1,232.65,232.65,151.32,81.33000000000001
700466,2025-03-21,CUST-1027,East,Home & Kitchen,In-Store,3,218.95,656.85,475.77,181.08000000000004
700463,2025-03-21,CUST-1031,East,Electronics,Online,3,356.74,1070.22,709.87,360.35
700465,2025-03-21,CUST-1063,West,Apparel,In-Store,2,96.33,192.66,138.39,54.27000000000001
700464,2025-03-21,CUST-1021,North,Electronics,Online,2,130.13,260.26,178.44,81.82
700470,2025-03-22,CUST-1002,North,Beauty,Online,1,57.83,57.83,35.38,22.449999999999996
700471,2025-03-22,CUST-1035,Unknown,Beauty,In-Store,1,17.99,17.99,10.68,7.309999999999999
700469,2025-03-22,CUST-1077,North,Home & Kitchen,In-Store,3,168.91,506.73,317.65,189.08000000000004
700468,2025-03-22,CUST-1112,North,Apparel,In-Store,1,38.33,38.33,24.92,13.409999999999997
700472,2025-03-23,CUST-1105,North,Beauty,In-Store,2,88.14,176.28,116.52,59.760000000000005
700475,2025-03-23,CUST-1014,North,Beauty,In-Store,1,42.76,42.76,31.68,11.079999999999998
700474,2025-03-23,CUST-1003,South,Apparel,In-Store,1,73.44,73.44,44.53,28.909999999999997
700476,2025-03-23,CUST-1042,East,Sports,In-Store,2,107.3,214.6,135.59,79.00999999999999
700473,2025-03-23,CUST-1072,East,Sports,In-Store,1,101.91,101.91,68.88,33.03
700480,2025-03-24,CUST-1072,East,Electronics,In-Store,2,264.03,528.06,291.81,236.24999999999994
700481,2025-03-24,CUST-1102,West,Home & Kitchen,Online,1,90.32,90.32,63.03,27.289999999999992
700479,2025-03-24,CUST-1092,North,Apparel,In-Store,1,96.2,96.2,63.69,32.510000000000005
700478,2025-03-24,CUST-1099,North,Apparel,In-Store,1,57.3,57.3,40.22,17.08
700477,2025-03-24,CUST-1078,South,Sports,Online,3,91.95,275.85,200.29,75.56000000000003
700483,2025-03-25,CUST-1045,West,Home & Kitchen,In-Store,1,129.54,129.54,93.27,36.269999999999996
700484,2025-03-25,CUST-1103,West,Home & Kitchen,In-Store,1,235.63,235.63,163.07,72.56
700485,2025-03-25,CUST-1104,North,Sports,Online,1,36.28,36.28,21.51,14.77
700482,2025-03-25,CUST-1116,West,Sports,Online,1,75.16,75.16,46.81,28.349999999999994
700488,2025-03-26,CUST-1058,South,Home & Kitchen,In-Store,1,222.54,222.54,148.71,73.82999999999998
700490,2025-03-26,CUST-1048,West,Apparel,In-Store,2,87.66,175.32,117.67,57.64999999999999
700489,2025-03-26,CUST-1051,West,Beauty,In-Store,2,70.46,140.92,97.92,42.999999999999986
700491,2025-03-26,CUST-1012,North,Electronics,In-Store,1,495.99,495.99,273.28,222.71000000000004
700492,2025-03-26,CUST-1081,North,Apparel,In-Store,1,19.0,19.0,11.98,7.02
700487,2025-03-26,CUST-1115,South,Beauty,In-Store,3,47.73,143.19,104.64,38.55
700486,2025-03-26,CUST-1079,East,Sports,Online,2,48.75,97.5,64.04,33.459999999999994
700494,2025-03-27,CUST-1108,North,Apparel,Online,2,32.1,64.2,39.46,24.740000000000002
700493,2025-03-27,CUST-1023,North,Beauty,Online,1,29.56,29.56,19.02,10.54
700496,2025-03-28,CUST-1106,North,Home & Kitchen,In-Store,1,111.3,111.3,73.68,37.61999999999999
700501,2025-03-28,CUST-1091,North,Beauty,Online,3,83.15,249.45,174.72,74.72999999999999
700500,2025-03-28,CUST-1052,West,Electronics,In-Store,3,139.11,417.33,293.58,123.75
700498,2025-03-28,CUST-1047,North,Electronics,Online,3,350.23,1050.69,597.64,453.05000000000007
700497,2025-03-28,CUST-1078,West,Beauty,Online,3,25.12,75.36,51.25,24.11
700495,2025-03-28,CUST-1078,North,Electronics,In-Store,2,372.04,744.08,497.72,246.36
700499,2025-03-28,CUST-1010,South,Home & Kitchen,Online,1,91.12,91.12,52.81,38.31
700502,2025-03-28,CUST-1037,South,Electronics,In-Store,2,521.99,1043.98,741.46,302.52
700504,2025-03-29,CUST-1102,East,Electronics,Online,3,310.3,930.9,634.11,296.78999999999996
700506,2025-03-29,CUST-1080,East,Apparel,In-Store,2,98.43,196.86,114.62,82.24000000000001
700505,2025-03-29,CUST-1098,East,Apparel,Online,1,58.3,58.3,36.04,22.259999999999998
700508,2025-03-29,CUST-1036,South,Beauty,In-Store,2,84.91,169.82,125.03,44.78999999999999
700507,2025-03-29,CUST-1006,South,Home & Kitchen,In-Store,1,34.78,34.78,25.85,8.93
700503,2025-03-29,CUST-1048,North,Sports,Online,1,144.23,144.23,102.05,42.17999999999999
700512,2025-03-30,CUST-1088,West,Electronics,In-Store,1,87.56,87.56,49.46,38.1
700513,2025-03-30,CUST-1056,West,Home & Kitchen,In-Store,1,60.92,60.92,36.61,24.310000000000002
700509,2025-03-30,CUST-1031,East,Home & Kitchen,In-Store,1,184.64,184.64,124.1,60.53999999999999
700511,2025-03-30,CUST-1008,East,Beauty,Online,2,61.8,123.6,69.66,53.94
700514,2025-03-30,CUST-1102,North,Electronics,In-Store,1,258.02,258.02,143.5,114.51999999999998
700510,2025-03-30,CUST-1083,East,Home & Kitchen,In-Store,1,240.94,240.94,165.82,75.12
700515,2025-03-31,CUST-1100,North,Home & Kitchen,In-Store,1,83.86,83.86,60.31,23.549999999999997
700518,2025-04-01,CUST-1021,East,Home & Kitchen,Online,1,144.7,144.7,83.59,61.109999999999985
700519,2025-04-01,CUST-1083,North,Beauty,In-Store,1,79.54,79.54,48.29,31.250000000000007
700517,2025-04-01,CUST-1119,East,Electronics,In-Store,1,383.51,383.51,215.9,167.60999999999999
700516,2025-04-01,CUST-1083,West,Home & Kitchen,Online,2,30.5,61.0,34.73,26.270000000000003
700522,2025-04-02,CUST-1118,West,Electronics,In-Store,2,368.76,737.52,419.46,318.06
700521,2025-04-02,CUST-1014,West,Electronics,In-Store,1,514.94,514.94,312.24,202.70000000000005
700520,2025-04-02,CUST-1006,East,Apparel,Online,1,95.08,95.08,56.87,38.21
700525,2025-04-03,CUST-1010,South,Sports,Online,1,55.55,55.55,36.22,19.33
700526,2025-04-03,CUST-1080,North,Sports,In-Store,2,99.01,198.02,140.0,58.02000000000001
700524,2025-04-03,CUST-1007,West,Home & Kitchen,Online,1,36.45,36.45,23.58,12.870000000000005
700527,2025-04-03,CUST-1061,North,Home & Kitchen,In-Store,3,67.23,201.69,142.76,58.93000000000001
700528,2025-04-03,CUST-1068,West,Home & Kitchen,Online,3,137.19,411.57,280.11,131.45999999999998
700523,2025-04-03,CUST-1119,West,Sports,In-Store,1,32.48,32.48,19.59,12.889999999999997
700535,2025-04-04,CUST-1030,East,Home & Kitchen,In-Store,1,113.61,113.61,71.87,41.739999999999995
700532,2025-04-04,CUST-1061,North,Home & Kitchen,Online,2,236.07,472.14,262.04,210.09999999999997
700531,2025-04-04,CUST-1095,South,Electronics,Online,1,192.82,192.82,117.05,75.77
700534,2025-04-04,CUST-1096,East,Apparel,In-Store,1,102.56,102.56,62.76,39.800000000000004
700530,2025-04-04,CUST-1058,North,Electronics,In-Store,3,421.36,1264.08,741.19,522.8899999999999
700529,2025-04-04,CUST-1094,West,Apparel,Online,1,84.77,84.77,57.66,27.11
700533,2025-04-04,CUST-1115,South,Apparel,In-Store,2,65.09,130.18,93.81,36.370000000000005
700539,2025-04-05,CUST-1055,North,Beauty,Online,3,78.54,235.62,142.26,93.36000000000001
700538,2025-04-05,CUST-1113,West,Electronics,Online,1,201.84,201.84,114.25,87.59
700541,2025-04-05,CUST-1063,West,Beauty,In-Store,3,77.6,232.8,158.46,74.34
700540,2025-04-05,CUST-1009,South,Electronics,In-Store,1,550.06,550.06,334.32,215.73999999999995
700537,2025-04-05,CUST-1041,South,Beauty,In-Store,2,30.46,60.92,35.32,25.6
700545,2025-04-06,CUST-1047,South,Apparel,In-Store,1,24.34,24.34,16.03,8.309999999999999
700543,2025-04-06,CUST-1079,North,Apparel,Online,2,82.56,165.12,102.91,62.21000000000001
700546,2025-04-06,CUST-1014,South,Home & Kitchen,Online,1,172.57,172.57,99.32,73.25
700544,2025-04-06,CUST-1041,South,Sports,In-Store,1,137.7,137.7,87.99,49.709999999999994
700542,2025-04-06,CUST-1048,East,Beauty,In-Store,2,81.7,163.4,96.17,67.23
700551,2025-04-07,CUST-1089,South,Beauty,Online,1,67.5,67.5,37.52,29.979999999999997
700548,2025-04-07,CUST-1014,West,Sports,Online,2,43.33,86.66,59.68,26.979999999999997
700547,2025-04-07,CUST-1090,East,Sports,Online,2,132.81,265.62,177.03,88.59
700552,2025-04-07,CUST-1014,North,Apparel,Online,1,33.23,33.23,20.04,13.189999999999998
700549,2025-04-07,CUST-1083,East,Home & Kitchen,Online,3,165.95,497.85,332.78,165.07000000000005
700553,2025-04-07,CUST-1037,East,Electronics,Online,1,584.38,584.38,376.33,208.05
700550,2025-04-07,CUST-1076,South,Home & Kitchen,Online,2,208.96,417.92,267.88,150.04000000000002
700555,2025-04-08,CUST-1064,East,Electronics,Online,3,404.51,1213.53,903.73,309.79999999999995
700559,2025-04-08,CUST-1068,West,Apparel,In-Store,3,37.66,112.98,72.47,40.510000000000005
700557,2025-04-08,CUST-1019,North,Electronics,In-Store,1,241.92,241.92,171.86,70.05999999999997
700554,2025-04-08,CUST-1033,East,Sports,In-Store,1,176.2,176.2,98.85,77.35
700556,2025-04-08,CUST-1037,West,Sports,In-Store,2,45.79,91.58,65.12,26.459999999999994
700558,2025-04-08,CUST-1001,West,Apparel,In-Store,1,99.42,99.42,67.06,32.36
700562,2025-04-09,CUST-1065,North,Beauty,Online,2,12.56,25.12,15.4,9.72
700561,2025-04-09,CUST-1040,East,Home & Kitchen,In-Store,1,50.18,50.18,29.87,20.31
700560,2025-04-09,CUST-1026,South,Apparel,In-Store,1,38.2,38.2,22.63,15.570000000000004
700564,2025-04-09,CUST-1013,East,Electronics,Online,1,453.55,453.55,311.66,141.89
700563,2025-04-09,CUST-1041,North,Apparel,In-Store,3,33.4,100.2,72.69,27.510000000000005
700570,2025-04-10,CUST-1022,South,Apparel,In-Store,1,26.19,26.19,16.06,10.130000000000003
700568,2025-04-10,CUST-1010,West,Beauty,In-Store,1,32.6,32.6,23.49,9.110000000000003
700565,2025-04-10,CUST-1109,West,Electronics,Online,2,281.25,562.5,316.88,245.62
700566,2025-04-10,CUST-1098,North,Sports,Online,1,156.36,156.36,102.73,53.63000000000001
700567,2025-04-10,CUST-1087,North,Sports,In-Store,1,130.99,130.99,75.53,55.46000000000001
700569,2025-04-10,CUST-1116,North,Apparel,Online,3,88.23,264.69,196.59,68.1
700571,2025-04-11,CUST-1094,North,Home & Kitchen,Online,1,48.35,48.35,31.02,17.330000000000002
700573,2025-04-11,CUST-1032,South,Apparel,Online,2,93.64,187.28,107.01,80.27
700576,2025-04-12,CUST-1038,East,Home & Kitchen,Online,1,226.86,226.86,135.11,91.75
700577,2025-04-12,CUST-1096,North,Home & Kitchen,In-Store,1,110.71,110.71,63.33,47.379999999999995
700575,2025-04-12,CUST-1100,East,Home & Kitchen,Online,1,171.72,171.72,122.67,49.05
700581,2025-04-12,CUST-1113,Unknown,Sports,Online,1,148.59,148.59,89.13,59.46000000000001
700579,2025-04-12,CUST-1114,North,Beauty,Online,1,39.22,39.22,22.62,16.599999999999998
700574,2025-04-12,CUST-1093,East,Beauty,In-Store,3,74.76,224.28,130.02,94.25999999999999
700580,2025-04-12,CUST-1060,West,Apparel,Online,1,107.28,107.28,77.4,29.879999999999995
700578,2025-04-12,CUST-1032,South,Beauty,Online,3,74.99,224.97,159.92,65.05000000000001
700582,2025-04-13,CUST-1081,South,Apparel,In-Store,1,22.42,22.42,14.56,7.860000000000001
700589,2025-04-13,CUST-1115,West,Home & Kitchen,In-Store,2,132.99,265.98,146.87,119.11000000000001
700588,2025-04-13,CUST-1038,South,Sports,Online,3,82.31,246.93,139.61,107.32
700585,2025-04-13,CUST-1075,North,Electronics,In-Store,1,188.13,188.13,123.89,64.24
700583,2025-04-13,CUST-1093,East,Sports,Online,2,162.46,324.92,198.84,126.08000000000001
700590,2025-04-13,CUST-1118,East,Apparel,Online,3,16.84,50.52,33.36,17.160000000000004
700586,2025-04-13,CUST-1037,South,Beauty,In-Store,1,9.94,9.94,6.32,3.619999999999999
700593,2025-04-14,CUST-1099,North,Home & Kitchen,Online,1,73.77,73.77,48.15,25.619999999999997
700595,2025-04-14,CUST-1090,West,Apparel,In-Store,1,78.31,78.31,58.36,19.950000000000003
700592,2025-04-14,CUST-1088,South,Apparel,In-Store,2,31.09,62.18,44.19,17.990000000000002
700596,2025-04-14,CUST-1056,West,Apparel,Online,2,102.78,205.56,151.09,54.47
700594,2025-04-14,CUST-1066,East,Electronics,In-Store,1,549.68,549.68,384.6,165.07999999999993
700591,2025-04-14,CUST-1071,West,Electronics,In-Store,2,342.55,685.1,493.43,191.67000000000002
700598,2025-04-15,CUST-1020,East,Apparel,Online,2,38.91,77.82,48.35,29.46999999999999
700603,2025-04-15,CUST-1038,West,Beauty,In-Store,3,11.41,34.23,22.09,12.139999999999997
700599,2025-04-15,CUST-1053,East,Apparel,In-Store,1,23.92,23.92,15.98,7.940000000000001
700601,2025-04-15,CUST-1012,North,Sports,In-Store,1,105.03,105.03,59.31,45.72
700597,2025-04-15,CUST-1098,East,Beauty,In-Store,2,19.65,39.3,22.96,16.339999999999996
700602,2025-04-15,CUST-1110,South,Home & Kitchen,In-Store,3,97.18,291.54,200.62,90.92000000000002
700600,2025-04-15,CUST-1025,West,Sports,In-Store,2,156.05,312.1,202.01,110.09000000000003
700604,2025-04-15,CUST-1101,East,Apparel,In-Store,3,83.5,250.5,174.6,75.9
700605,2025-04-16,CUST-1014,South,Home & Kitchen,Online,1,98.21,98.21,64.81,33.39999999999999
700606,2025-04-16,CUST-1114,Unknown,Apparel,In-Store,2,79.72,159.44,101.75,57.69
700607,2025-04-16,CUST-1032,North,Electronics,Online,1,365.48,365.48,247.73,117.75000000000003
700610,2025-04-17,CUST-1018,North,Apparel,Online,1,47.67,47.67,26.77,20.900000000000002
700608,2025-04-17,CUST-1036,East,Home & Kitchen,Online,2,105.21,210.42,118.56,91.85999999999999
700609,2025-04-17,CUST-1094,South,Sports,Online,2,188.47,376.94,208.96,167.98
700617,2025-04-18,CUST-1081,North,Electronics,In-Store,2,364.61,729.22,403.08,326.14000000000004
700611,2025-04-18,CUST-1109,North,Beauty,In-Store,1,71.38,71.38,45.46,25.919999999999995
700615,2025-04-18,CUST-1021,North,Sports,In-Store,1,84.27,84.27,53.87,30.4
700616,2025-04-18,CUST-1079,Unknown,Apparel,In-Store,3,98.34,295.02,205.76,89.25999999999999
700614,2025-04-18,CUST-1109,East,Electronics,Online,1,182.67,182.67,125.04,57.62999999999998
700613,2025-04-18,CUST-1020,North,Electronics,In-Store,1,144.6,144.6,89.01,55.58999999999999
700612,2025-04-18,CUST-1010,East,Sports,Online,3,27.7,83.1,58.23,24.869999999999997
700620,2025-04-19,CUST-1114,South,Apparel,Online,3,54.96,164.88,104.16,60.72
700619,2025-04-19,CUST-1090,East,Electronics,In-Store,3,497.07,1491.21,973.71,517.5
700621,2025-04-19,CUST-1082,East,Sports,Online,1,61.1,61.1,43.29,17.810000000000002
700622,2025-04-20,CUST-1062,East,Beauty,Online,1,73.69,73.69,42.86,30.83
700626,2025-04-20,CUST-1082,East,Home & Kitchen,In-Store,1,199.87,199.87,146.7,53.170000000000016
700627,2025-04-20,CUST-1103,North,Home & Kitchen,In-Store,3,177.19,531.57,342.63,188.94000000000005
700625,2025-04-20,CUST-1083,South,Sports,Online,2,28.54,57.08,40.92,16.159999999999997
700628,2025-04-20,CUST-1109,East,Home & Kitchen,In-Store,2,158.44,316.88,220.99,95.88999999999999
700624,2025-04-20,CUST-1010,West,Beauty,Online,1,16.44,16.44,11.92,4.520000000000001
700631,2025-04-21,CUST-1032,West,Apparel,In-Store,1,42.33,42.33,24.67,17.659999999999997
700633,2025-04-21,CUST-1083,West,Sports,In-Store,2,28.68,57.36,40.79,16.57
700632,2025-04-21,CUST-1079,West,Home & Kitchen,In-Store,2,70.87,141.74,86.52,55.22000000000001
700630,2025-04-21,CUST-1082,South,Sports,Online,1,148.54,148.54,106.65,41.889999999999986
700629,2025-04-21,CUST-1076,South,Electronics,In-Store,1,328.51,328.51,186.05,142.45999999999998
700634,2025-04-21,CUST-1040,North,Sports,In-Store,1,166.35,166.35,122.21,44.14
700637,2025-04-22,CUST-1058,East,Home & Kitchen,In-Store,2,108.56,217.12,127.15,89.97
700639,2025-04-22,CUST-1001,North,Apparel,In-Store,1,34.78,34.78,21.22,13.560000000000002
700638,2025-04-22,CUST-1069,West,Electronics,In-Store,1,316.73,316.73,209.87,106.86000000000001
700643,2025-04-22,CUST-1119,North,Apparel,In-Store,1,75.17,75.17,54.97,20.200000000000003
700642,2025-04-22,CUST-1068,East,Electronics,In-Store,2,242.76,485.52,334.34,151.18
700641,2025-04-22,CUST-1054,East,Home & Kitchen,Online,3,248.19,744.57,495.98,248.59000000000003
700640,2025-04-22,CUST-1087,South,Apparel,Online,2,22.45,44.9,29.25,15.649999999999999
700636,2025-04-22,CUST-1074,South,Sports,In-Store,1,40.8,40.8,25.44,15.359999999999996
700635,2025-04-22,CUST-1070,East,Sports,Online,2,183.84,367.68,236.75,130.93
700648,2025-04-23,CUST-1069,West,Electronics,In-Store,2,240.83,481.66,320.25,161.41000000000003
700650,2025-04-23,CUST-1057,South,Electronics,Online,2,386.27,772.54,476.74,295.79999999999995
700649,2025-04-23,CUST-1030,South,Electronics,Online,1,202.81,202.81,121.15,81.66
700644,2025-04-23,CUST-1106,North,Beauty,In-Store,2,63.34,126.68,79.94,46.74000000000001
700646,2025-04-23,CUST-1017,East,Electronics,In-Store,3,404.11,1212.33,760.18,452.15
700647,2025-04-23,CUST-1075,South,Home & Kitchen,Online,1,78.67,78.67,45.83,32.84
700645,2025-04-23,CUST-1003,East,Sports,Online,1,167.62,167.62,109.44,58.18000000000001
700654,2025-04-24,CUST-1064,North,Apparel,Online,1,19.77,19.77,14.79,4.98
700651,2025-04-24,CUST-1010,North,Beauty,Online,2,83.74,167.48,123.1,44.379999999999995
700655,2025-04-24,CUST-1029,West,Electronics,In-Store,2,104.84,209.68,146.46,63.22
700653,2025-04-24,CUST-1054,North,Sports,In-Store,1,140.36,140.36,85.77,54.59000000000002
700652,2025-04-24,CUST-1099,North,Home & Kitchen,In-Store,1,97.93,97.93,62.16,35.77000000000001
700657,2025-04-24,CUST-1031,East,Sports,Online,1,47.69,47.69,31.34,16.349999999999998
700656,2025-04-24,CUST-1084,North,Apparel,In-Store,2,42.19,84.38,47.95,36.42999999999999
700662,2025-04-25,CUST-1021,East,Electronics,Online,1,138.7,138.7,82.94,55.75999999999999
700661,2025-04-25,CUST-1074,North,Beauty,In-Store,1,18.41,18.41,11.91,6.5
700659,2025-04-25,CUST-1087,West,Electronics,In-Store,1,179.79,179.79,131.96,47.829999999999984
700660,2025-04-25,CUST-1119,East,Sports,Online,3,46.86,140.58,103.32,37.26000000000002
700658,2025-04-25,CUST-1009,South,Apparel,Online,3,57.08,171.24,123.11,48.13000000000001
700664,2025-04-26,CUST-1014,East,Apparel,Online,2,72.11,144.22,104.26,39.959999999999994
700665,2025-04-26,CUST-1075,North,Sports,Online,1,137.58,137.58,79.88,57.70000000000002
700667,2025-04-26,CUST-1016,East,Sports,In-Store,1,34.01,34.01,22.18,11.829999999999998
700670,2025-04-26,CUST-1058,East,Electronics,Online,3,330.94,992.82,681.4,311.4200000000001
700669,2025-04-26,CUST-1051,East,Sports,Online,1,108.3,108.3,74.82,33.480000000000004
700668,2025-04-26,CUST-1015,East,Beauty,Online,3,42.34,127.02,85.05,41.97
700666,2025-04-26,CUST-1026,East,Home & Kitchen,In-Store,3,242.95,728.85,515.3,213.55000000000007
700663,2025-04-26,CUST-1000,West,Home & Kitchen,In-Store,1,183.81,183.81,107.04,76.77
700673,2025-04-27,CUST-1025,North,Sports,Online,3,146.73,440.19,307.0,133.19
700671,2025-04-27,CUST-1034,East,Apparel,Online,2,118.25,236.5,161.04,75.46000000000001
700672,2025-04-27,CUST-1043,South,Beauty,Online,2,36.02,72.04,40.09,31.950000000000003
700677,2025-04-28,CUST-1050,East,Home & Kitchen,Online,1,45.61,45.61,29.09,16.52
700675,2025-04-28,CUST-1007,East,Apparel,Online,3,31.16,93.48,54.84,38.64
700679,2025-04-28,CUST-1025,East,Electronics,Online,1,452.6,452.6,250.77,201.83
700676,2025-04-28,CUST-1019,West,Apparel,In-Store,1,18.85,18.85,13.73,5.120000000000001
700680,2025-04-28,CUST-1041,North,Apparel,In-Store,2,64.49,128.98,93.69,35.28999999999999
700678,2025-04-28,CUST-1016,East,Sports,Online,1,82.06,82.06,57.21,24.85
700684,2025-04-29,CUST-1079,South,Sports,In-Store,1,197.53,197.53,134.85,62.68000000000001
700682,2025-04-29,CUST-1075,South,Electronics,Online,1,592.92,592.92,403.65,189.26999999999998
700683,2025-04-29,CUST-1099,East,Apparel,In-Store,2,81.54,163.08,115.67,47.41000000000001
700687,2025-04-30,CUST-1012,East,Home & Kitchen,In-Store,2,119.5,239.0,153.23,85.77000000000001
700688,2025-04-30,CUST-1045,South,Beauty,In-Store,1,17.35,17.35,12.53,4.820000000000002
700691,2025-04-30,CUST-1051,West,Home & Kitchen,Online,1,112.47,112.47,84.32,28.150000000000006
700692,2025-04-30,CUST-1048,North,Home & Kitchen,Online,3,59.63,178.89,114.75,64.13999999999999
700686,2025-04-30,CUST-1023,North,Sports,Online,1,69.03,69.03,47.54,21.490000000000002
700690,2025-04-30,CUST-1002,South,Beauty,In-Store,3,19.28,57.84,41.59,16.25
700693,2025-04-30,CUST-1022,South,Apparel,In-Store,3,86.64,259.92,145.15,114.77000000000001
700689,2025-04-30,CUST-1084,North,Home & Kitchen,Online,1,85.32,85.32,57.47,27.849999999999994
700685,2025-04-30,CUST-1097,North,Apparel,Online,2,103.43,206.86,153.33,53.53
700700,2025-05-01,CUST-1079,North,Home & Kitchen,Online,1,158.75,158.75,98.0,60.75
700695,2025-05-01,CUST-1038,East,Beauty,Online,3,66.76,200.28,134.85,65.43
700699,2025-05-01,CUST-1025,South,Beauty,In-Store,1,9.29,9.29,5.93,3.3599999999999994
700698,2025-05-01,CUST-1115,North,Electronics,In-Store,2,565.63,1131.26,786.93,344.33000000000004
700694,2025-05-01,CUST-1070,East,Apparel,Online,2,100.18,200.36,115.65,84.71000000000001
700697,2025-05-01,CUST-1079,North,Home & Kitchen,In-Store,1,123.15,123.15,87.98,35.17
700696,2025-05-01,CUST-1016,East,Apparel,In-Store,2,117.22,234.44,168.02,66.41999999999999
700705,2025-05-02,CUST-1044,West,Electronics,In-Store,2,129.39,258.78,191.71,67.06999999999996
700704,2025-05-02,CUST-1050,South,Apparel,Online,3,44.52,133.56,98.93,34.629999999999995
700701,2025-05-02,CUST-1056,North,Electronics,In-Store,1,163.03,163.03,111.56,51.47
700703,2025-05-02,CUST-1106,West,Beauty,In-Store,1,58.21,58.21,36.46,21.75
700702,2025-05-02,CUST-1011,South,Beauty,Online,1,53.35,53.35,37.99,15.36
700706,2025-05-02,CUST-1020,West,Beauty,In-Store,3,10.18,30.54,21.66,8.879999999999999
700708,2025-05-03,CUST-1036,North,Apparel,In-Store,1,52.1,52.1,31.4,20.700000000000003
700710,2025-05-03,CUST-1055,West,Beauty,In-Store,1,65.46,65.46,39.83,25.629999999999995
700709,2025-05-03,CUST-1070,East,Sports,In-Store,1,69.99,69.99,50.71,19.279999999999994
700707,2025-05-03,CUST-1026,West,Sports,In-Store,1,109.68,109.68,69.65,40.03
700717,2025-05-04,CUST-1038,East,Electronics,Online,1,211.39,211.39,127.38,84.00999999999999
700713,2025-05-04,CUST-1056,North,Beauty,In-Store,2,44.05,88.1,57.02,31.07999999999999
700711,2025-05-04,CUST-1082,East,Sports,In-Store,1,171.07,171.07,108.18,62.889999999999986
700718,2025-05-04,CUST-1042,North,Sports,Online,3,80.59,241.77,152.97,88.80000000000001
700715,2025-05-04,CUST-1032,East,Home & Kitchen,In-Store,1,43.99,43.99,32.82,11.170000000000002
700716,2025-05-04,CUST-1026,South,Beauty,In-Store,2,12.91,25.82,18.7,7.120000000000001
700712,2025-05-04,CUST-1075,South,Sports,In-Store,1,62.74,62.74,36.8,25.940000000000005
700714,2025-05-04,CUST-1022,South,Electronics,In-Store,2,133.0,266.0,157.88,108.12
700723,2025-05-05,CUST-1104,South,Sports,In-Store,3,12.52,37.56,24.33,13.230000000000004
700722,2025-05-05,CUST-1115,North,Apparel,Online,1,115.04,115.04,86.17,28.870000000000005
700720,2025-05-05,CUST-1098,West,Beauty,In-Store,2,26.35,52.7,29.75,22.950000000000003
700721,2025-05-05,CUST-1071,South,Beauty,Online,2,30.51,61.02,44.61,16.410000000000004
700719,2025-05-05,CUST-1083,West,Sports,In-Store,1,199.2,199.2,123.53,75.66999999999999
700724,2025-05-06,CUST-1084,South,Apparel,In-Store,3,60.57,181.71,126.41,55.30000000000001
700725,2025-05-06,CUST-1016,East,Electronics,Online,2,91.39,182.78,126.86,55.92
700726,2025-05-06,CUST-1093,North,Electronics,Online,1,229.2,229.2,140.07,89.13
700727,2025-05-07,CUST-1015,West,Home & Kitchen,Online,1,199.23,199.23,137.66,61.56999999999999
700728,2025-05-09,CUST-1082,East,Sports,In-Store,1,30.28,30.28,18.96,11.32
700729,2025-05-09,CUST-1033,North,Sports,In-Store,2,108.63,217.26,131.61,85.64999999999998
700730,2025-05-09,CUST-1019,South,Apparel,In-Store,2,61.25,122.5,74.14,48.36
700731,2025-05-09,CUST-1116,West,Home & Kitchen,Online,1,48.24,48.24,30.55,17.69
700732,2025-05-10,CUST-1064,West,Beauty,Online,1,66.25,66.25,37.79,28.46
700735,2025-05-10,CUST-1076,West,Home & Kitchen,Online,1,91.93,91.93,60.92,31.010000000000005
700733,2025-05-10,CUST-1028,South,Electronics,In-Store,2,269.33,538.66,305.82,232.83999999999997
700736,2025-05-10,CUST-1037,East,Electronics,In-Store,1,132.23,132.23,87.86,44.36999999999999
700734,2025-05-10,CUST-1056,East,Electronics,In-Store,2,367.43,734.86,480.25,254.61
700740,2025-05-11,CUST-1110,North,Beauty,Online,2,19.06,38.12,25.9,12.219999999999999
700738,2025-05-11,CUST-1031,East,Home & Kitchen,Online,1,104.81,104.81,68.31,36.5
700739,2025-05-11,CUST-1104,West,Sports,Online,2,123.07,246.14,179.32,66.82
700737,2025-05-11,CUST-1063,North,Home & Kitchen,In-Store,1,154.71,154.71,102.12,52.59
700742,2025-05-11,CUST-1050,North,Electronics,In-Store,1,423.54,423.54,248.57,174.97000000000003
700741,2025-05-11,CUST-1091,West,Apparel,In-Store,2,42.21,84.42,62.13,22.29
700747,2025-05-12,CUST-1091,South,Apparel,In-Store,2,70.66,141.32,87.24,54.08
700749,2025-05-12,CUST-1110,North,Apparel,In-Store,2,111.49,222.98,132.45,90.53
700746,2025-05-12,CUST-1011,South,Sports,In-Store,2,73.16,146.32,91.26,55.05999999999999
700748,2025-05-12,CUST-1034,East,Beauty,Online,1,88.3,88.3,65.7,22.599999999999994
700743,2025-05-12,CUST-1051,West,Sports,In-Store,3,47.18,141.54,97.55,43.989999999999995
700744,2025-05-12,CUST-1107,West,Beauty,Online,1,23.41,23.41,17.39,6.02
700745,2025-05-12,CUST-1114,East,Electronics,Online,1,435.17,435.17,301.57,133.60000000000002
700752,2025-05-13,CUST-1019,South,Electronics,In-Store,3,90.94,272.82,182.06,90.75999999999999
700750,2025-05-13,CUST-1074,West,Electronics,In-Store,1,289.64,289.64,160.71,128.92999999999998
700751,2025-05-13,CUST-1004,East,Beauty,In-Store,1,28.19,28.19,16.71,11.48
700755,2025-05-14,CUST-1059,West,Home & Kitchen,In-Store,2,172.38,344.76,243.25,101.50999999999999
700754,2025-05-14,CUST-1042,North,Apparel,Online,1,74.51,74.51,41.69,32.82000000000001
700753,2025-05-14,CUST-1055,East,Beauty,In-Store,2,29.8,59.6,34.7,24.9
700759,2025-05-15,CUST-1039,South,Sports,Online,1,88.59,88.59,62.54,26.050000000000004
700756,2025-05-15,CUST-1026,South,Electronics,In-Store,1,171.14,171.14,102.62,68.51999999999998
700761,2025-05-15,CUST-1089,West,Sports,In-Store,1,52.09,52.09,28.93,23.160000000000004
700760,2025-05-15,CUST-1077,East,Sports,Online,3,85.07,255.21,185.39,69.82000000000002
700757,2025-05-15,CUST-1080,West,Sports,Online,1,45.73,45.73,34.27,11.459999999999994
700758,2025-05-15,CUST-1095,North,Apparel,In-Store,1,33.32,33.32,18.77,14.55
700763,2025-05-16,CUST-1012,Unknown,Home & Kitchen,In-Store,1,162.76,162.76,105.78,56.97999999999999
700765,2025-05-16,CUST-1114,North,Home & Kitchen,In-Store,2,159.3,318.6,217.6,101.00000000000003
700764,2025-05-16,CUST-1060,North,Sports,In-Store,2,104.63,209.26,148.59,60.66999999999999
700762,2025-05-16,CUST-1080,North,Sports,In-Store,2,169.02,338.04,211.51,126.53000000000003
700770,2025-05-17,CUST-1031,South,Sports,Online,3,151.67,455.01,298.38,156.63
700767,2025-05-17,CUST-1112,West,Apparel,In-Store,2,56.95,113.9,80.85,33.05000000000001
700768,2025-05-17,CUST-1018,East,Beauty,Online,2,59.11,118.22,72.21,46.010000000000005
700769,2025-05-17,CUST-1093,East,Home & Kitchen,In-Store,1,195.99,195.99,109.01,86.98
700772,2025-05-17,CUST-1106,North,Beauty,In-Store,1,73.28,73.28,54.03,19.25
700771,2025-05-17,CUST-1002,East,Sports,Online,1,190.83,190.83,135.62,55.21000000000001
700766,2025-05-17,CUST-1069,East,Sports,Online,3,29.66,88.98,62.49,26.490000000000002
700774,2025-05-18,CUST-1027,West,Electronics,Online,2,536.65,1073.3,699.21,374.0899999999999
700775,2025-05-18,CUST-1098,North,Apparel,In-Store,1,39.06,39.06,21.91,17.150000000000002
700776,2025-05-18,CUST-1108,West,Sports,In-Store,1,195.79,195.79,143.75,52.03999999999999
700773,2025-05-18,CUST-1089,East,Beauty,In-Store,1,34.77,34.77,20.21,14.560000000000002
700777,2025-05-19,CUST-1025,North,Home & Kitchen,Online,1,51.13,51.13,37.21,13.920000000000002
700779,2025-05-19,CUST-1116,North,Electronics,Online,1,289.02,289.02,168.32,120.69999999999999
700780,2025-05-19,CUST-1003,West,Sports,Online,2,33.88,67.76,46.26,21.500000000000007
700778,2025-05-19,CUST-1013,South,Home & Kitchen,In-Store,1,90.46,90.46,63.15,27.309999999999995
700781,2025-05-19,CUST-1046,West,Sports,In-Store,2,48.21,96.42,68.24,28.180000000000007
700783,2025-05-20,CUST-1117,West,Sports,In-Store,3,45.65,136.95,97.11,39.83999999999999
700782,2025-05-20,CUST-1041,South,Apparel,In-Store,2,22.04,44.08,26.73,17.349999999999998
700785,2025-05-20,CUST-1000,West,Sports,In-Store,3,54.01,162.03,114.02,48.010000000000005
700784,2025-05-20,CUST-1033,East,Electronics,In-Store,2,313.82,627.64,400.94,226.7
700789,2025-05-21,CUST-1093,West,Beauty,In-Store,1,38.69,38.69,24.58,14.11
700787,2025-05-21,CUST-1079,West,Sports,In-Store,2,64.68,129.36,92.63,36.73000000000002
700786,2025-05-21,CUST-1039,West,Home & Kitchen,In-Store,2,167.5,335.0,226.9,108.1
700788,2025-05-21,CUST-1035,West,Apparel,Online,3,111.71,335.13,217.85,117.28
700791,2025-05-22,CUST-1095,North,Sports,In-Store,1,79.46,79.46,47.29,32.169999999999995
700792,2025-05-22,CUST-1064,South,Sports,In-Store,2,135.62,271.24,171.86,99.38
700794,2025-05-22,CUST-1030,North,Beauty,In-Store,1,62.25,62.25,34.94,27.310000000000002
700793,2025-05-22,CUST-1063,West,Beauty,Online,2,35.02,70.04,42.94,27.10000000000001
700795,2025-05-22,CUST-1022,North,Sports,Online,2,93.91,187.82,118.68,69.13999999999999
700790,2025-05-22,CUST-1073,West,Apparel,Online,1,24.35,24.35,14.9,9.450000000000001
700797,2025-05-23,CUST-1047,West,Sports,Online,1,33.62,33.62,21.77,11.849999999999998
700798,2025-05-23,CUST-1076,East,Sports,In-Store,2,60.73,121.46,71.21,50.25
700799,2025-05-23,CUST-1042,North,Sports,In-Store,1,46.22,46.22,31.63,14.59
700796,2025-05-23,CUST-1041,South,Sports,In-Store,3,184.62,553.86,338.07,215.79000000000002
700802,2025-05-24,CUST-1063,West,Sports,Online,1,197.44,197.44,131.31,66.13
700801,2025-05-24,CUST-1045,West,Sports,In-Store,1,118.81,118.81,72.44,46.370000000000005
700800,2025-05-24,CUST-1038,West,Sports,Online,1,127.7,127.7,70.56,57.14
700808,2025-05-25,CUST-1099,South,Home & Kitchen,Online,3,78.63,235.89,130.36,105.52999999999997
700807,2025-05-25,CUST-1114,East,Home & Kitchen,In-Store,1,241.59,241.59,145.04,96.55000000000001
700804,2025-05-25,CUST-1068,South,Electronics,Online,3,231.91,695.73,488.98,206.75
700803,2025-05-25,CUST-1099,East,Beauty,In-Store,1,48.13,48.13,30.99,17.140000000000004
700806,2025-05-25,CUST-1014,West,Home & Kitchen,Online,1,230.55,230.55,153.44,77.11000000000001
700805,2025-05-25,CUST-1012,East,Sports,Online,1,148.47,148.47,110.99,37.480000000000004
700814,2025-05-26,CUST-1066,South,Sports,In-Store,1,173.57,173.57,118.56,55.00999999999999
700812,2025-05-26,CUST-1077,South,Beauty,Online,2,54.06,108.12,70.25,37.870000000000005
700816,2025-05-26,CUST-1016,South,Apparel,In-Store,1,70.47,70.47,52.2,18.269999999999996
700809,2025-05-26,CUST-1065,East,Apparel,Online,1,42.61,42.61,23.64,18.97
700813,2025-05-26,CUST-1087,South,Electronics,In-Store,1,561.27,561.27,312.47,248.79999999999995
700817,2025-05-26,CUST-1026,East,Home & Kitchen,In-Store,1,154.01,154.01,99.19,54.81999999999999
700811,2025-05-26,CUST-1053,North,Sports,Online,2,26.48,52.96,34.41,18.550000000000004
700810,2025-05-26,CUST-1023,North,Home & Kitchen,In-Store,1,68.79,68.79,46.61,22.180000000000007
700815,2025-05-26,CUST-1062,East,Sports,Online,1,18.58,18.58,10.37,8.209999999999999
700819,2025-05-27,CUST-1052,East,Electronics,Online,1,578.36,578.36,340.13,238.23000000000002
700820,2025-05-27,CUST-1103,West,Electronics,Online,3,102.55,307.65,192.86,114.78999999999996
700823,2025-05-27,CUST-1052,East,Electronics,Online,2,560.41,1120.82,827.43,293.39
700824,2025-05-27,CUST-1018,South,Beauty,In-Store,1,51.31,51.31,29.62,21.69
700821,2025-05-27,CUST-1109,North,Home & Kitchen,In-Store,1,207.45,207.45,121.88,85.57
700818,2025-05-27,CUST-1076,West,Sports,In-Store,2,48.05,96.1,62.52,33.57999999999999
700822,2025-05-27,CUST-1016,North,Home & Kitchen,In-Store,3,63.29,189.87,140.38,49.49000000000001
700829,2025-05-28,CUST-1023,North,Apparel,In-Store,1,24.69,24.69,15.13,9.56
700828,2025-05-28,CUST-1027,South,Electronics,In-Store,3,139.94,419.82,261.46,158.36
700827,2025-05-28,CUST-1034,West,Sports,Online,2,37.59,75.18,47.42,27.760000000000005
700826,2025-05-28,CUST-1063,West,Electronics,In-Store,1,598.83,598.83,389.05,209.78000000000003
700825,2025-05-28,CUST-1089,West,Electronics,In-Store,2,220.21,440.42,278.64,161.78000000000003
700838,2025-05-29,CUST-1075,North,Sports,Online,1,83.62,83.62,49.11,34.510000000000005
700837,2025-05-29,CUST-1032,South,Home & Kitchen,In-Store,1,174.92,174.92,127.99,46.92999999999999
700831,2025-05-29,CUST-1093,East,Beauty,Online,1,71.6,71.6,39.99,31.609999999999992
700836,2025-05-29,CUST-1090,South,Sports,Online,1,122.44,122.44,68.25,54.19
700835,2025-05-29,CUST-1063,North,Home & Kitchen,In-Store,1,243.53,243.53,155.4,88.13
700833,2025-05-29,CUST-1080,East,Home & Kitchen,In-Store,2,133.6,267.2,177.56,89.63999999999999
700830,2025-05-29,CUST-1087,South,Sports,In-Store,1,154.13,154.13,107.91,46.22
700832,2025-05-29,CUST-1083,South,Apparel,Online,3,26.2,78.6,54.98,23.619999999999997
700839,2025-05-29,CUST-1060,West,Sports,In-Store,2,193.94,387.88,270.11,117.76999999999998
700834,2025-05-29,CUST-1033,South,Sports,In-Store,2,92.13,184.26,120.48,63.77999999999999
700841,2025-05-30,CUST-1078,North,Electronics,In-Store,1,199.05,199.05,118.13,80.92000000000002
700845,2025-05-30,CUST-1021,Unknown,Home & Kitchen,In-Store,1,199.93,199.93,121.68,78.25
700843,2025-05-30,CUST-1071,North,Sports,Online,1,131.25,131.25,94.32,36.93000000000001
700840,2025-05-30,CUST-1118,South,Beauty,In-Store,2,16.17,32.34,17.84,14.500000000000004
700844,2025-05-30,CUST-1087,East,Apparel,In-Store,2,105.69,211.38,142.4,68.97999999999999
700842,2025-05-30,CUST-1032,North,Apparel,Online,3,49.72,149.16,110.43,38.72999999999999
700846,2025-05-31,CUST-1099,West,Apparel,In-Store,1,33.21,33.21,20.95,12.260000000000002
700849,2025-05-31,CUST-1011,North,Home & Kitchen,Online,3,20.55,61.65,43.12,18.53
700847,2025-05-31,CUST-1034,South,Home & Kitchen,In-Store,3,117.86,353.58,212.19,141.39
700848,2025-05-31,CUST-1022,South,Apparel,In-Store,1,107.96,107.96,80.94,27.019999999999996
700852,2025-06-01,CUST-1062,South,Beauty,In-Store,1,78.99,78.99,56.43,22.559999999999995
700850,2025-06-01,CUST-1100,East,Apparel,Online,2,101.4,202.8,131.79,71.01000000000002
700853,2025-06-01,CUST-1100,West,Beauty,Online,1,45.26,45.26,27.21,18.049999999999997
700851,2025-06-01,CUST-1021,North,Home & Kitchen,Online,2,180.57,361.14,245.86,115.27999999999997
700859,2025-06-02,CUST-1083,South,Beauty,In-Store,1,72.12,72.12,44.06,28.060000000000002
700857,2025-06-02,CUST-1093,South,Electronics,In-Store,1,170.53,170.53,106.34,64.19
700858,2025-06-02,CUST-1003,East,Sports,In-Store,1,41.43,41.43,29.67,11.759999999999998
700855,2025-06-02,CUST-1023,East,Beauty,In-Store,1,27.2,27.2,15.42,11.78
700860,2025-06-02,CUST-1051,South,Apparel,In-Store,1,84.2,84.2,49.27,34.93
700856,2025-06-02,CUST-1111,South,Sports,In-Store,1,186.84,186.84,126.13,60.71000000000001
700854,2025-06-02,CUST-1034,East,Electronics,Online,2,575.02,1150.04,780.41,369.63
700864,2025-06-03,CUST-1018,East,Electronics,Online,2,447.02,894.04,634.07,259.9699999999999
700861,2025-06-03,CUST-1102,West,Apparel,Online,1,46.82,46.82,30.91,15.91
700863,2025-06-03,CUST-1012,North,Beauty,In-Store,1,20.46,20.46,12.57,7.890000000000001
700862,2025-06-03,CUST-1032,North,Electronics,In-Store,2,251.49,502.98,363.58,139.40000000000003
700867,2025-06-04,CUST-1084,North,Home & Kitchen,In-Store,1,123.36,123.36,89.68,33.67999999999999
700868,2025-06-04,CUST-1068,West,Sports,In-Store,2,17.65,35.3,21.41,13.889999999999997
700866,2025-06-04,CUST-1051,East,Home & Kitchen,In-Store,1,183.07,183.07,127.99,55.08
700865,2025-06-04,CUST-1043,West,Electronics,Online,3,260.66,781.98,454.12,327.86
700869,2025-06-04,CUST-1006,North,Electronics,In-Store,1,558.31,558.31,383.0,175.30999999999995
700870,2025-06-05,CUST-1109,South,Apparel,In-Store,1,90.95,90.95,56.89,34.06
700872,2025-06-05,CUST-1076,South,Sports,In-Store,1,79.13,79.13,54.36,24.769999999999996
700873,2025-06-05,CUST-1043,South,Beauty,Online,1,86.74,86.74,60.06,26.679999999999993
700871,2025-06-05,CUST-1071,East,Beauty,Online,1,87.41,87.41,48.16,39.25
700875,2025-06-06,CUST-1116,North,Electronics,In-Store,1,288.12,288.12,173.51,114.61000000000001
700881,2025-06-07,CUST-1074,East,Electronics,Online,1,531.26,531.26,321.0,210.26
700880,2025-06-07,CUST-1112,South,Sports,In-Store,1,86.24,86.24,55.47,30.769999999999996
700877,2025-06-07,CUST-1030,West,Sports,In-Store,2,88.54,177.08,109.63,67.45000000000002
700878,2025-06-07,CUST-1067,North,Apparel,Online,1,38.29,38.29,24.13,14.16
700876,2025-06-07,CUST-1105,West,Beauty,In-Store,2,55.56,111.12,74.51,36.61
700879,2025-06-07,CUST-1058,South,Sports,In-Store,2,184.71,369.42,231.97,137.45000000000002
700883,2025-06-08,CUST-1013,South,Electronics,In-Store,1,520.79,520.79,334.53,186.26
700885,2025-06-08,CUST-1032,West,Electronics,In-Store,2,217.17,434.34,294.56,139.77999999999997
700884,2025-06-08,CUST-1003,East,Electronics,In-Store,2,192.15,384.3,252.48,131.82000000000002
700882,2025-06-08,CUST-1022,East,Beauty,In-Store,1,85.56,85.56,52.71,32.85
700887,2025-06-09,CUST-1089,North,Apparel,In-Store,3,89.38,268.14,172.07,96.07
700886,2025-06-09,CUST-1007,North,Electronics,In-Store,1,296.52,296.52,178.18,118.33999999999997
700891,2025-06-09,CUST-1105,North,Apparel,Online,2,58.22,116.44,70.93,45.50999999999999
700892,2025-06-09,CUST-1076,North,Beauty,Online,2,18.5,37.0,26.33,10.670000000000002
700889,2025-06-09,CUST-1079,East,Beauty,In-Store,1,84.71,84.71,63.22,21.489999999999995
700890,2025-06-09,CUST-1043,South,Beauty,In-Store,1,14.96,14.96,9.85,5.110000000000001
700888,2025-06-09,CUST-1022,West,Home & Kitchen,In-Store,1,42.56,42.56,29.73,12.830000000000002
700893,2025-06-10,CUST-1081,South,Electronics,Online,1,217.0,217.0,144.87,72.13
700895,2025-06-10,CUST-1023,West,Sports,In-Store,2,161.09,322.18,222.32,99.86000000000001
700894,2025-06-10,CUST-1040,East,Apparel,In-Store,1,39.17,39.17,24.98,14.190000000000001
700897,2025-06-10,CUST-1048,West,Apparel,In-Store,1,104.55,104.55,70.3,34.25
700898,2025-06-10,CUST-1012,East,Apparel,In-Store,2,105.82,211.64,124.28,87.35999999999999
700896,2025-06-10,CUST-1095,North,Beauty,Online,1,63.72,63.72,40.82,22.9
700900,2025-06-11,CUST-1044,South,Sports,In-Store,3,92.95,278.85,197.31,81.54000000000002
700902,2025-06-11,CUST-1052,South,Electronics,Online,2,99.03,198.06,116.38,81.68
700899,2025-06-11,CUST-1088,South,Beauty,In-Store,1,34.94,34.94,23.38,11.559999999999999
700901,2025-06-11,CUST-1051,West,Home & Kitchen,Online,1,36.35,36.35,23.46,12.89
700903,2025-06-12,CUST-1095,South,Beauty,Online,1,52.43,52.43,30.95,21.48
700905,2025-06-12,CUST-1004,South,Sports,In-Store,1,77.69,77.69,56.99,20.699999999999996
700906,2025-06-12,CUST-1043,North,Apparel,Online,1,47.84,47.84,33.64,14.200000000000003
700907,2025-06-12,CUST-1100,West,Home & Kitchen,Online,1,35.55,35.55,25.97,9.579999999999998
700904,2025-06-12,CUST-1067,North,Beauty,In-Store,1,11.0,11.0,6.08,4.92
700912,2025-06-13,CUST-1043,North,Apparel,In-Store,2,119.73,239.46,141.24,98.22
700911,2025-06-13,CUST-1085,East,Apparel,In-Store,1,33.29,33.29,20.92,12.369999999999997
700914,2025-06-13,CUST-1012,North,Home & Kitchen,Online,2,151.85,303.7,223.65,80.04999999999998
700913,2025-06-13,CUST-1108,East,Sports,Online,3,151.44,454.32,334.95,119.37
700908,2025-06-13,CUST-1106,North,Sports,In-Store,1,160.43,160.43,96.86,63.57000000000001
700910,2025-06-13,CUST-1096,North,Beauty,In-Store,3,88.93,266.79,196.2,70.59000000000003
700909,2025-06-13,CUST-1053,North,Beauty,In-Store,1,40.45,40.45,23.22,17.230000000000004
700919,2025-06-14,CUST-1063,North,Apparel,In-Store,1,26.75,26.75,18.64,8.11
700917,2025-06-14,CUST-1027,North,Apparel,Online,1,81.39,81.39,52.07,29.32
700916,2025-06-14,CUST-1044,South,Apparel,Online,2,70.57,141.14,93.56,47.579999999999984
700915,2025-06-14,CUST-1092,South,Sports,Online,1,174.14,174.14,121.25,52.889999999999986
700920,2025-06-14,CUST-1104,West,Apparel,Online,1,71.93,71.93,45.06,26.870000000000005
700921,2025-06-14,CUST-1018,East,Home & Kitchen,Online,1,216.95,216.95,137.31,79.63999999999999
700927,2025-06-15,CUST-1081,East,Sports,In-Store,2,29.04,58.08,34.08,24.0
700923,2025-06-15,CUST-1015,West,Sports,In-Store,2,134.82,269.64,196.38,73.25999999999999
700926,2025-06-15,CUST-1032,West,Sports,In-Store,1,187.85,187.85,118.54,69.30999999999999
700925,2025-06-15,CUST-1072,North,Beauty,In-Store,1,14.23,14.23,8.32,5.91
700924,2025-06-15,CUST-1025,North,Electronics,Online,2,175.79,351.58,240.73,110.85
700928,2025-06-15,CUST-1021,West,Apparel,In-Store,3,96.9,290.7,203.63,87.07
700922,2025-06-15,CUST-1115,South,Electronics,Online,3,515.38,1546.14,1034.23,511.9100000000001
700934,2025-06-16,CUST-1089,Unknown,Sports,In-Store,3,144.27,432.81,264.15,168.66000000000003
700933,2025-06-16,CUST-1062,South,Apparel,Online,1,56.82,56.82,36.15,20.67
700929,2025-06-16,CUST-1075,South,Sports,Online,3,99.11,297.33,216.25,81.07999999999998
700931,2025-06-16,CUST-1069,West,Beauty,In-Store,1,51.43,51.43,32.14,19.29
700932,2025-06-16,CUST-1027,East,Apparel,In-Store,3,110.52,331.56,243.78,87.78
700930,2025-06-16,CUST-1030,North,Beauty,Online,1,10.18,10.18,6.77,3.41
700937,2025-06-17,CUST-1011,North,Sports,In-Store,2,110.72,221.44,149.2,72.24000000000001
700936,2025-06-17,CUST-1044,West,Home & Kitchen,In-Store,2,44.2,88.4,49.95,38.45
700940,2025-06-17,CUST-1088,South,Apparel,Online,2,61.12,122.24,79.93,42.30999999999999
700938,2025-06-17,CUST-1101,West,Home & Kitchen,In-Store,1,54.57,54.57,33.51,21.060000000000002
700941,2025-06-17,CUST-1082,East,Electronics,In-Store,2,357.86,715.72,474.46,241.26000000000005
700935,2025-06-17,CUST-1106,South,Electronics,In-Store,2,338.7,677.4,376.08,301.32
700939,2025-06-17,CUST-1049,West,Electronics,Online,1,148.99,148.99,108.93,40.06
700943,2025-06-18,CUST-1100,Unknown,Sports,In-Store,2,189.98,379.96,269.45,110.50999999999999
700942,2025-06-18,CUST-1022,West,Beauty,Online,2,24.56,49.12,35.8,13.32
700945,2025-06-18,CUST-1089,North,Sports,In-Store,1,58.98,58.98,43.2,15.779999999999994
700944,2025-06-18,CUST-1114,West,Home & Kitchen,Online,1,46.97,46.97,29.19,17.779999999999998
700948,2025-06-19,CUST-1060,West,Electronics,In-Store,1,533.35,533.35,390.64,142.71000000000004
700949,2025-06-19,CUST-1059,North,Electronics,Online,2,188.93,377.86,233.87,143.99
700946,2025-06-19,CUST-1000,East,Apparel,In-Store,2,67.22,134.44,78.0,56.44
700950,2025-06-19,CUST-1064,Unknown,Electronics,In-Store,2,282.07,564.14,327.89,236.25
700947,2025-06-19,CUST-1076,North,Electronics,Online,3,216.99,650.97,452.24,198.73000000000002
700951,2025-06-19,CUST-1019,South,Apparel,In-Store,1,32.54,32.54,20.87,11.669999999999998
700953,2025-06-20,CUST-1045,Unknown,Electronics,In-Store,1,202.36,202.36,114.79,87.57000000000001
700955,2025-06-20,CUST-1043,Unknown,Sports,Online,1,27.81,27.81,19.14,8.669999999999998
700954,2025-06-20,CUST-1095,West,Electronics,In-Store,1,506.36,506.36,333.12,173.24
700952,2025-06-20,CUST-1094,South,Electronics,In-Store,1,331.23,331.23,231.9,99.33000000000001
700963,2025-06-21,CUST-1060,East,Beauty,In-Store,3,88.95,266.85,169.34,97.51000000000002
700959,2025-06-21,CUST-1025,South,Electronics,In-Store,1,492.3,492.3,326.13,166.17000000000002
700958,2025-06-21,CUST-1110,East,Beauty,In-Store,1,86.56,86.56,64.45,22.11
700965,2025-06-21,CUST-1030,West,Electronics,In-Store,1,148.0,148.0,97.16,50.84
700961,2025-06-21,CUST-1060,West,Electronics,Online,1,465.05,465.05,279.11,185.94
700960,2025-06-21,CUST-1083,Unknown,Beauty,In-Store,2,71.22,142.44,79.39,63.05
700957,2025-06-21,CUST-1017,North,Sports,In-Store,1,123.81,123.81,73.4,50.41
700962,2025-06-21,CUST-1059,East,Electronics,In-Store,1,553.43,553.43,366.98,186.44999999999993
700956,2025-06-21,CUST-1015,East,Electronics,Online,3,216.98,650.94,430.41,220.53000000000003
700964,2025-06-21,CUST-1036,West,Electronics,Online,2,90.52,181.04,109.02,72.02
700968,2025-06-22,CUST-1032,South,Apparel,In-Store,2,86.48,172.96,122.32,50.640000000000015
700967,2025-06-22,CUST-1046,South,Electronics,In-Store,2,255.2,510.4,307.59,202.81
700972,2025-06-23,CUST-1049,North,Apparel,Online,1,56.09,56.09,38.71,17.380000000000003
700973,2025-06-23,CUST-1090,South,Sports,In-Store,1,124.36,124.36,76.97,47.39
700970,2025-06-23,CUST-1041,West,Beauty,Online,2,31.07,62.14,34.84,27.299999999999997
700971,2025-06-23,CUST-1097,East,Home & Kitchen,In-Store,1,39.87,39.87,25.99,13.879999999999999
700982,2025-06-24,CUST-1037,South,Sports,Online,1,109.14,109.14,61.63,47.51
700978,2025-06-24,CUST-1090,East,Apparel,Online,1,91.69,91.69,59.46,32.23
700979,2025-06-24,CUST-1037,South,Apparel,In-Store,2,74.2,148.4,90.74,57.66000000000001
700983,2025-06-24,CUST-1083,West,Electronics,In-Store,3,505.34,1516.02,974.85,541.17
700980,2025-06-24,CUST-1112,North,Sports,Online,1,135.02,135.02,94.85,40.170000000000016
700974,2025-06-24,CUST-1090,South,Electronics,In-Store,2,321.0,642.0,396.94,245.06
700977,2025-06-24,CUST-1041,West,Electronics,Online,2,488.82,977.64,643.86,333.78
700981,2025-06-24,CUST-1054,North,Home & Kitchen,In-Store,2,39.74,79.48,46.08,33.400000000000006
700976,2025-06-24,CUST-1098,South,Home & Kitchen,In-Store,1,193.22,193.22,141.02,52.19999999999999
700975,2025-06-24,CUST-1073,North,Home & Kitchen,In-Store,2,47.28,94.56,68.01,26.549999999999997
700988,2025-06-26,CUST-1065,East,Home & Kitchen,In-Store,1,204.65,204.65,126.51,78.14
700989,2025-06-26,CUST-1046,West,Apparel,In-Store,1,25.38,25.38,14.34,11.04
700985,2025-06-26,CUST-1106,East,Sports,In-Store,2,133.71,267.42,199.72,67.70000000000002
700986,2025-06-26,CUST-1055,East,Apparel,In-Store,1,16.2,16.2,10.08,6.119999999999999
700984,2025-06-26,CUST-1036,West,Electronics,In-Store,1,597.79,597.79,406.95,190.83999999999997
700987,2025-06-26,CUST-1085,North,Beauty,In-Store,1,13.72,13.72,7.74,5.98
700990,2025-06-26,CUST-1054,South,Home & Kitchen,In-Store,2,185.62,371.24,267.74,103.5
700992,2025-06-27,CUST-1024,West,Beauty,Online,1,48.36,48.36,35.29,13.07
700991,2025-06-27,CUST-1100,South,Home & Kitchen,Online,1,141.19,141.19,102.93,38.25999999999999
700994,2025-06-27,CUST-1041,East,Apparel,Online,2,90.25,180.5,116.13,64.37
700996,2025-06-27,CUST-1026,North,Electronics,In-Store,1,574.0,574.0,429.63,144.37
700995,2025-06-27,CUST-1093,West,Sports,Online,2,65.23,130.46,73.3,57.16000000000001
700993,2025-06-27,CUST-1105,South,Beauty,Online,2,13.05,26.1,17.04,9.060000000000002
700998,2025-06-28,CUST-1083,South,Beauty,Online,2,73.49,146.98,82.11,64.86999999999999
700999,2025-06-28,CUST-1041,West,Beauty,In-Store,2,78.09,156.18,99.07,57.110000000000014
701000,2025-06-28,CUST-1092,East,Sports,In-Store,2,21.63,43.26,25.44,17.819999999999997
700997,2025-06-28,CUST-1067,South,Sports,In-Store,3,134.23,402.69,260.02,142.67000000000002
701004,2025-06-29,CUST-1102,South,Sports,In-Store,2,76.37,152.74,89.61,63.13000000000001
701001,2025-06-29,CUST-1040,West,Home & Kitchen,In-Store,1,99.8,99.8,58.51,41.29
701003,2025-06-29,CUST-1014,North,Beauty,Online,3,66.92,200.76,149.53,51.22999999999999
701002,2025-06-29,CUST-1058,East,Beauty,In-Store,3,31.04,93.12,60.38,32.74
701005,2025-06-30,CUST-1097,West,Apparel,In-Store,1,94.36,94.36,67.19,27.17
701006,2025-06-30,CUST-1011,North,Beauty,Online,1,68.67,68.67,44.3,24.370000000000005
701007,2025-06-30,CUST-1110,North,Sports,In-Store,1,174.2,174.2,106.65,67.54999999999998
701009,2025-06-30,CUST-1040,East,Sports,In-Store,1,172.69,172.69,128.69,44.0
701010,2025-06-30,CUST-1015,East,Sports,In-Store,1,90.71,90.71,62.0,28.709999999999994
701008,2025-06-30,CUST-1107,West,Apparel,In-Store,2,87.14,174.28,104.14,70.14
701012,2025-07-01,CUST-1023,South,Apparel,In-Store,1,95.85,95.85,54.25,41.599999999999994
701016,2025-07-01,CUST-1064,South,Sports,In-Store,1,114.97,114.97,75.65,39.31999999999999
701017,2025-07-01,CUST-1022,West,Electronics,In-Store,1,91.36,91.36,54.32,37.04
701015,2025-07-01,CUST-1023,North,Beauty,Online,3,39.68,119.04,79.27,39.77000000000001
701014,2025-07-01,CUST-1088,North,Beauty,In-Store,2,37.4,74.8,48.22,26.58
701011,2025-07-01,CUST-1026,North,Home & Kitchen,Online,1,152.18,152.18,108.88,43.30000000000001
701013,2025-07-01,CUST-1010,North,Beauty,In-Store,1,23.9,23.9,14.25,9.649999999999999
701026,2025-07-02,CUST-1103,East,Electronics,In-Store,2,128.02,256.04,179.44,76.60000000000002
701024,2025-07-02,CUST-1052,West,Sports,In-Store,3,115.08,345.24,224.93,120.31
701020,2025-07-02,CUST-1116,Unknown,Sports,In-Store,1,99.05,99.05,62.35,36.699999999999996
701019,2025-07-02,CUST-1010,West,Beauty,In-Store,3,25.96,77.88,49.93,27.949999999999996
701028,2025-07-02,CUST-1046,West,Home & Kitchen,In-Store,2,110.14,220.28,138.74,81.53999999999999
701027,2025-07-02,CUST-1053,South,Apparel,In-Store,2,30.2,60.4,35.48,24.92
701022,2025-07-02,CUST-1030,North,Beauty,Online,1,84.37,84.37,59.83,24.540000000000006
701021,2025-07-02,CUST-1102,West,Electronics,In-Store,1,573.96,573.96,376.62,197.34000000000003
701023,2025-07-02,CUST-1047,North,Sports,In-Store,1,110.74,110.74,62.86,47.879999999999995
701025,2025-07-02,CUST-1047,West,Apparel,Online,2,96.85,193.7,142.51,51.19
701018,2025-07-02,CUST-1075,West,Sports,Online,2,50.65,101.3,57.39,43.91
701030,2025-07-03,CUST-1085,South,Electronics,Online,1,186.81,186.81,137.34,49.47
701031,2025-07-03,CUST-1014,South,Home & Kitchen,In-Store,1,60.1,60.1,35.32,24.78
701029,2025-07-03,CUST-1119,South,Sports,In-Store,1,50.64,50.64,30.77,19.87
701034,2025-07-03,CUST-1035,North,Apparel,In-Store,1,70.62,70.62,42.84,27.78
701033,2025-07-03,CUST-1090,South,Beauty,Online,2,82.58,165.16,108.29,56.86999999999999
701032,2025-07-03,CUST-1095,East,Electronics,In-Store,2,85.31,170.62,96.87,73.75
701041,2025-07-04,CUST-1092,West,Home & Kitchen,In-Store,1,102.82,102.82,66.99,35.83
701037,2025-07-04,CUST-1040,South,Electronics,Online,1,180.65,180.65,99.61,81.04
701040,2025-07-04,CUST-1073,North,Electronics,Online,1,454.88,454.88,306.05,148.82999999999998
701039,2025-07-04,CUST-1041,South,Electronics,In-Store,1,337.15,337.15,245.77,91.37999999999997
701035,2025-07-04,CUST-1001,West,Home & Kitchen,In-Store,3,37.29,111.87,76.45,35.42
701036,2025-07-04,CUST-1004,South,Home & Kitchen,Online,2,229.95,459.9,256.39,203.51
701038,2025-07-04,CUST-1107,West,Electronics,In-Store,1,324.99,324.99,207.58,117.41
701042,2025-07-04,CUST-1034,South,Beauty,In-Store,1,19.49,19.49,13.9,5.589999999999998
701043,2025-07-04,CUST-1116,South,Electronics,Online,2,83.36,166.72,107.6,59.120000000000005
701050,2025-07-05,CUST-1004,West,Sports,In-Store,1,76.51,76.51,43.27,33.24
701049,2025-07-05,CUST-1037,North,Apparel,In-Store,3,88.23,264.69,149.67,115.02000000000001
701045,2025-07-05,CUST-1085,West,Beauty,In-Store,3,87.6,262.8,177.7,85.10000000000002
701047,2025-07-05,CUST-1115,West,Sports,In-Store,1,23.37,23.37,14.01,9.360000000000001
701044,2025-07-05,CUST-1034,North,Beauty,Online,1,48.03,48.03,28.64,19.39
701046,2025-07-05,CUST-1110,East,Home & Kitchen,Online,2,36.72,73.44,53.38,20.059999999999995
701048,2025-07-05,CUST-1063,South,Home & Kitchen,Online,3,189.03,567.09,421.68,145.41000000000003
701051,2025-07-06,CUST-1014,East,Sports,Online,2,58.85,117.7,73.49,44.21000000000001
701054,2025-07-06,CUST-1071,North,Home & Kitchen,Online,1,149.51,149.51,84.99,64.52
701052,2025-07-06,CUST-1106,South,Electronics,Online,2,456.89,913.78,521.9,391.88
701053,2025-07-06,CUST-1016,East,Beauty,In-Store,1,67.56,67.56,47.79,19.770000000000003
701055,2025-07-06,CUST-1096,East,Electronics,Online,1,313.91,313.91,189.36,124.55000000000001
701059,2025-07-07,CUST-1016,North,Beauty,In-Store,1,31.14,31.14,22.73,8.41
701062,2025-07-07,CUST-1083,West,Home & Kitchen,In-Store,3,51.57,154.71,88.28,66.43
701058,2025-07-07,CUST-1016,East,Home & Kitchen,In-Store,1,44.38,44.38,29.49,14.890000000000004
701057,2025-07-07,CUST-1047,East,Sports,In-Store,3,194.68,584.04,335.24,248.79999999999995
701056,2025-07-07,CUST-1084,East,Beauty,Online,2,58.6,117.2,76.45,40.75
701060,2025-07-07,CUST-1008,East,Home & Kitchen,In-Store,2,227.96,455.92,339.97,115.94999999999999
701061,2025-07-07,CUST-1065,South,Apparel,Online,1,67.75,67.75,45.4,22.35
701063,2025-07-07,CUST-1028,North,Beauty,Online,2,17.04,34.08,19.3,14.779999999999998
701070,2025-07-08,CUST-1106,South,Home & Kitchen,Online,3,249.5,748.5,458.21,290.29
701065,2025-07-08,CUST-1113,North,Sports,Online,3,83.43,250.29,170.33,79.95999999999998
701064,2025-07-08,CUST-1051,West,Electronics,In-Store,3,129.1,387.3,274.52,112.78000000000003
701071,2025-07-08,CUST-1044,West,Sports,In-Store,1,162.71,162.71,112.09,50.620000000000005
701069,2025-07-08,CUST-1062,East,Electronics,In-Store,1,142.18,142.18,89.87,52.31
701066,2025-07-08,CUST-1066,East,Beauty,In-Store,2,56.42,112.84,78.81,34.03
701068,2025-07-08,CUST-1001,North,Beauty,In-Store,2,45.72,91.44,67.78,23.659999999999997
701067,2025-07-08,CUST-1065,South,Apparel,In-Store,2,15.52,31.04,21.19,9.849999999999998
701077,2025-07-09,CUST-1004,South,Apparel,In-Store,2,22.78,45.56,31.65,13.910000000000004
701076,2025-07-09,CUST-1023,South,Home & Kitchen,In-Store,3,165.68,497.04,287.77,209.27000000000004
701078,2025-07-09,CUST-1079,North,Electronics,In-Store,1,159.5,159.5,92.81,66.69
701074,2025-07-09,CUST-1096,North,Sports,In-Store,3,56.92,170.76,94.17,76.58999999999999
701075,2025-07-09,CUST-1010,South,Home & Kitchen,Online,2,77.47,154.94,89.75,65.19
701079,2025-07-09,CUST-1012,North,Home & Kitchen,Online,1,214.46,214.46,141.29,73.17000000000002
701072,2025-07-09,CUST-1017,South,Home & Kitchen,Online,2,195.0,390.0,284.25,105.75
701073,2025-07-09,CUST-1091,West,Electronics,In-Store,1,184.32,184.32,135.08,49.23999999999998
701082,2025-07-10,CUST-1118,South,Sports,In-Store,1,141.97,141.97,82.73,59.239999999999995
701083,2025-07-10,CUST-1026,West,Beauty,In-Store,2,71.04,142.08,105.53,36.55000000000001
701084,2025-07-10,CUST-1108,West,Home & Kitchen,In-Store,1,26.76,26.76,18.99,7.770000000000003
701080,2025-07-10,CUST-1092,South,Apparel,In-Store,1,44.32,44.32,31.49,12.830000000000002
701081,2025-07-10,CUST-1005,South,Electronics,Online,1,322.56,322.56,187.64,134.92000000000002
701087,2025-07-11,CUST-1073,South,Home & Kitchen,In-Store,2,193.79,387.58,258.29,129.28999999999996
701089,2025-07-11,CUST-1053,North,Sports,Online,1,66.69,66.69,36.86,29.83
701085,2025-07-11,CUST-1117,West,Beauty,In-Store,1,15.04,15.04,10.51,4.529999999999999
701088,2025-07-11,CUST-1081,West,Beauty,Online,1,23.55,23.55,14.2,9.350000000000001
701086,2025-07-11,CUST-1108,South,Beauty,In-Store,1,61.56,61.56,44.25,17.310000000000002
701092,2025-07-12,CUST-1073,North,Electronics,Online,1,297.7,297.7,170.62,127.07999999999998
701094,2025-07-12,CUST-1009,South,Electronics,Online,1,328.86,328.86,233.3,95.56
701090,2025-07-12,CUST-1022,South,Electronics,In-Store,1,387.79,387.79,262.59,125.20000000000005
701093,2025-07-12,CUST-1005,South,Beauty,In-Store,1,51.07,51.07,33.4,17.67
701098,2025-07-13,CUST-1045,South,Electronics,Online,1,206.81,206.81,114.41,92.4
701099,2025-07-13,CUST-1057,North,Electronics,In-Store,1,536.51,536.51,305.77,230.74
701095,2025-07-13,CUST-1077,East,Beauty,Online,1,71.77,71.77,42.93,28.839999999999996
701096,2025-07-13,CUST-1050,North,Sports,In-Store,1,144.25,144.25,94.53,49.72
701097,2025-07-13,CUST-1048,West,Electronics,Online,1,148.17,148.17,93.32,54.849999999999994
701104,2025-07-14,CUST-1094,East,Beauty,In-Store,1,24.85,24.85,15.66,9.190000000000001
701103,2025-07-14,CUST-1000,West,Sports,In-Store,2,114.44,228.88,151.66,77.22
701102,2025-07-14,CUST-1118,East,Sports,In-Store,2,190.4,380.8,218.94,161.86
701100,2025-07-14,CUST-1067,West,Apparel,In-Store,1,96.54,96.54,53.29,43.25000000000001
701101,2025-07-14,CUST-1096,South,Sports,Online,1,196.86,196.86,146.42,50.440000000000026
701105,2025-07-14,CUST-1101,East,Beauty,In-Store,2,88.56,177.12,110.07,67.05000000000001
701110,2025-07-15,CUST-1062,South,Home & Kitchen,Online,1,248.63,248.63,171.15,77.47999999999999
701107,2025-07-15,CUST-1104,East,Sports,Online,2,27.25,54.5,37.76,16.740000000000002
701108,2025-07-15,CUST-1091,North,Beauty,In-Store,1,26.72,26.72,15.95,10.77
701109,2025-07-15,CUST-1062,West,Beauty,In-Store,2,47.93,95.86,59.11,36.75
701106,2025-07-15,CUST-1075,South,Sports,In-Store,2,154.79,309.58,208.88,100.69999999999999
701112,2025-07-16,CUST-1024,North,Sports,In-Store,3,23.68,71.04,49.77,21.270000000000003
701120,2025-07-17,CUST-1068,East,Beauty,Online,1,87.9,87.9,54.42,33.480000000000004
701114,2025-07-17,CUST-1086,North,Home & Kitchen,In-Store,1,246.47,246.47,150.83,95.63999999999999
701119,2025-07-17,CUST-1074,East,Apparel,In-Store,2,93.45,186.9,103.7,83.2
701122,2025-07-17,CUST-1033,East,Beauty,In-Store,1,45.02,45.02,24.84,20.180000000000003
701115,2025-07-17,CUST-1015,South,Beauty,In-Store,1,74.09,74.09,52.02,22.07
701116,2025-07-17,CUST-1008,East,Sports,In-Store,2,89.69,179.38,119.58,59.8
701113,2025-07-17,CUST-1076,East,Home & Kitchen,Online,1,104.45,104.45,60.34,44.11
701121,2025-07-17,CUST-1010,South,Electronics,In-Store,3,395.78,1187.34,667.38,519.9599999999999
701117,2025-07-17,CUST-1080,South,Sports,Online,2,192.65,385.3,227.84,157.46
701118,2025-07-17,CUST-1013,North,Sports,In-Store,1,110.63,110.63,81.57,29.060000000000002
701125,2025-07-18,CUST-1116,South,Apparel,In-Store,1,63.34,63.34,43.95,19.39
701123,2025-07-18,CUST-1113,East,Beauty,Online,3,28.87,86.61,55.12,31.490000000000002
701126,2025-07-18,CUST-1007,East,Apparel,Online,3,117.74,353.22,220.95,132.27000000000004
701124,2025-07-18,CUST-1099,South,Sports,Online,3,155.87,467.61,277.33,190.28000000000003
701130,2025-07-19,CUST-1028,North,Apparel,In-Store,2,48.56,97.12,68.79,28.33
701129,2025-07-19,CUST-1014,South,Electronics,In-Store,2,421.0,842.0,519.35,322.65
701128,2025-07-19,CUST-1077,North,Home & Kitchen,In-Store,2,72.34,144.68,93.3,51.38000000000001
701133,2025-07-19,CUST-1034,West,Beauty,Online,1,20.67,20.67,13.45,7.220000000000002
701127,2025-07-19,CUST-1070,North,Beauty,In-Store,2,40.51,81.02,44.84,36.17999999999999
701132,2025-07-19,CUST-1050,East,Electronics,In-Store,3,164.99,494.97,320.14,174.83000000000004
701131,2025-07-19,CUST-1038,East,Electronics,In-Store,2,360.4,720.8,401.2,319.59999999999997
701137,2025-07-20,CUST-1058,West,Electronics,In-Store,2,335.47,670.94,369.76,301.18000000000006
701136,2025-07-20,CUST-1082,West,Home & Kitchen,Online,3,116.0,348.0,225.07,122.93
701134,2025-07-20,CUST-1031,North,Electronics,Online,2,589.61,1179.22,855.73,323.49
701143,2025-07-21,CUST-1013,East,Apparel,Online,3,109.69,329.07,183.73,145.34
701138,2025-07-21,CUST-1034,North,Sports,Online,2,31.03,62.06,42.72,19.340000000000003
701144,2025-07-21,CUST-1042,East,Home & Kitchen,In-Store,1,92.89,92.89,64.71,28.180000000000007
701142,2025-07-21,CUST-1017,North,Electronics,Online,1,443.7,443.7,285.91,157.78999999999996
701141,2025-07-21,CUST-1093,East,Electronics,In-Store,1,241.17,241.17,139.49,101.67999999999998
701140,2025-07-21,CUST-1002,North,Home & Kitchen,Online,2,107.02,214.04,136.76,77.28
701139,2025-07-21,CUST-1016,South,Sports,In-Store,1,100.18,100.18,66.68,33.5
701147,2025-07-22,CUST-1019,East,Apparel,Online,1,115.67,115.67,63.78,51.89
701146,2025-07-22,CUST-1090,East,Apparel,Online,1,38.18,38.18,24.06,14.120000000000001
701148,2025-07-22,CUST-1062,North,Electronics,Online,1,317.71,317.71,175.74,141.96999999999997
701145,2025-07-22,CUST-1039,West,Sports,In-Store,1,160.34,160.34,120.14,40.2
701149,2025-07-22,CUST-1040,West,Electronics,In-Store,3,512.28,1536.84,992.11,544.7299999999999
701152,2025-07-23,CUST-1079,West,Beauty,In-Store,3,89.81,269.43,169.98,99.45000000000002
701154,2025-07-23,CUST-1098,South,Home & Kitchen,In-Store,2,205.08,410.16,306.02,104.14000000000004
701156,2025-07-23,CUST-1000,East,Apparel,In-Store,2,102.9,205.8,137.29,68.51000000000002
701151,2025-07-23,CUST-1008,East,Electronics,In-Store,2,574.54,1149.08,837.23,311.8499999999999
701159,2025-07-23,CUST-1115,South,Electronics,In-Store,2,594.44,1188.88,774.73,414.1500000000001
701153,2025-07-23,CUST-1065,West,Electronics,In-Store,1,524.46,524.46,364.11,160.35000000000002
701158,2025-07-23,CUST-1026,South,Sports,In-Store,2,78.93,157.86,95.94,61.920000000000016
701155,2025-07-23,CUST-1086,East,Electronics,In-Store,2,400.13,800.26,544.2,256.05999999999995
701157,2025-07-23,CUST-1049,West,Home & Kitchen,In-Store,3,140.72,422.16,251.04,171.12000000000003
701163,2025-07-24,CUST-1020,North,Sports,In-Store,1,76.95,76.95,56.1,20.85
701160,2025-07-24,CUST-1090,North,Home & Kitchen,Online,3,215.97,647.91,421.22,226.68999999999994
701162,2025-07-24,CUST-1067,West,Sports,Online,1,16.02,16.02,10.58,5.4399999999999995
701161,2025-07-24,CUST-1095,East,Beauty,In-Store,2,23.14,46.28,25.94,20.34
701167,2025-07-25,CUST-1035,East,Beauty,Online,1,67.35,67.35,48.43,18.919999999999995
701169,2025-07-25,CUST-1072,East,Sports,In-Store,3,107.07,321.21,236.83,84.37999999999997
701164,2025-07-25,CUST-1101,North,Sports,Online,1,101.24,101.24,61.97,39.269999999999996
701166,2025-07-25,CUST-1054,East,Home & Kitchen,Online,1,167.21,167.21,118.29,48.92
701168,2025-07-25,CUST-1116,East,Apparel,Online,2,31.85,63.7,44.12,19.580000000000005
701165,2025-07-25,CUST-1008,West,Electronics,Online,2,219.25,438.5,317.08,121.42000000000002
701170,2025-07-26,CUST-1083,East,Home & Kitchen,In-Store,2,119.62,239.24,174.71,64.53
701171,2025-07-26,CUST-1062,North,Sports,In-Store,2,63.97,127.94,85.62,42.31999999999999
701172,2025-07-26,CUST-1038,South,Apparel,In-Store,3,82.88,248.64,178.69,69.94999999999999
701173,2025-07-27,CUST-1099,Unknown,Home & Kitchen,Online,2,110.6,221.2,153.58,67.61999999999998
701175,2025-07-28,CUST-1117,West,Home & Kitchen,Online,1,157.48,157.48,117.17,40.30999999999999
701176,2025-07-28,CUST-1052,West,Electronics,In-Store,1,536.75,536.75,307.83,228.92000000000002
701174,2025-07-28,CUST-1063,West,Home & Kitchen,Online,1,153.22,153.22,105.43,47.78999999999999
701177,2025-07-28,CUST-1104,West,Electronics,Online,2,247.1,494.2,356.83,137.37
701182,2025-07-29,CUST-1103,South,Home & Kitchen,In-Store,1,41.03,41.03,22.6,18.43
701180,2025-07-29,CUST-1012,South,Beauty,Online,1,14.24,14.24,9.79,4.450000000000001
701183,2025-07-29,CUST-1114,South,Apparel,In-Store,1,92.18,92.18,62.18,30.000000000000007
701179,2025-07-29,CUST-1091,Unknown,Apparel,In-Store,2,104.77,209.54,140.45,69.09
701178,2025-07-29,CUST-1057,South,Home & Kitchen,In-Store,2,136.12,272.24,186.24,86.0
701181,2025-07-29,CUST-1096,North,Apparel,In-Store,1,117.51,117.51,75.33,42.18000000000001
701190,2025-07-30,CUST-1027,West,Electronics,In-Store,2,115.07,230.14,165.25,64.88999999999999
701191,2025-07-30,CUST-1002,East,Sports,Online,2,44.69,89.38,65.68,23.69999999999999
701187,2025-07-30,CUST-1006,South,Beauty,In-Store,3,56.89,170.67,124.56,46.109999999999985
701188,2025-07-30,CUST-1119,East,Home & Kitchen,Online,2,211.86,423.72,243.06,180.66000000000003
701186,2025-07-30,CUST-1053,East,Apparel,In-Store,1,60.56,60.56,42.32,18.240000000000002
701185,2025-07-30,CUST-1045,East,Home & Kitchen,In-Store,1,27.22,27.22,17.77,9.45
701189,2025-07-30,CUST-1102,South,Sports,In-Store,3,148.33,444.99,325.75,119.24000000000001
701184,2025-07-30,CUST-1006,South,Beauty,In-Store,2,81.56,163.12,90.8,72.32000000000001
701196,2025-07-31,CUST-1115,North,Sports,In-Store,3,166.32,498.96,282.15,216.81
701195,2025-07-31,CUST-1020,South,Beauty,Online,1,83.62,83.62,56.87,26.750000000000007
701192,2025-07-31,CUST-1089,South,Home & Kitchen,In-Store,1,168.89,168.89,114.02,54.86999999999999
701193,2025-07-31,CUST-1076,West,Electronics,In-Store,3,167.6,502.8,285.73,217.07
701194,2025-07-31,CUST-1095,East,Beauty,In-Store,1,85.09,85.09,60.39,24.700000000000003
701202,2025-08-01,CUST-1057,East,Sports,In-Store,1,197.93,197.93,133.39,64.54000000000002
701199,2025-08-01,CUST-1027,East,Apparel,Online,2,115.04,230.08,148.38,81.70000000000002
701197,2025-08-01,CUST-1060,South,Home & Kitchen,Online,2,193.5,387.0,265.99,121.00999999999999
701200,2025-08-01,CUST-1097,West,Sports,In-Store,2,38.08,76.16,51.69,24.47
701198,2025-08-01,CUST-1009,South,Beauty,Online,1,65.08,65.08,42.39,22.689999999999998
701201,2025-08-01,CUST-1075,West,Apparel,Online,2,65.06,130.12,89.26,40.86
701203,2025-08-02,CUST-1009,East,Sports,In-Store,2,90.34,180.68,126.83,53.85000000000001
701205,2025-08-03,CUST-1042,North,Sports,Online,1,125.8,125.8,79.42,46.379999999999995
701206,2025-08-03,CUST-1101,South,Electronics,In-Store,1,297.25,297.25,209.99,87.25999999999999
701209,2025-08-03,CUST-1093,North,Beauty,In-Store,1,42.09,42.09,29.57,12.520000000000003
701208,2025-08-03,CUST-1096,East,Electronics,In-Store,1,559.09,559.09,405.05,154.04000000000002
701207,2025-08-03,CUST-1059,East,Home & Kitchen,In-Store,2,53.41,106.82,78.39,28.429999999999993
701210,2025-08-04,CUST-1058,East,Apparel,Online,1,92.23,92.23,63.16,29.070000000000007
701211,2025-08-04,CUST-1066,South,Home & Kitchen,In-Store,2,205.17,410.34,236.45,173.89
701212,2025-08-04,CUST-1087,West,Apparel,In-Store,1,33.52,33.52,18.75,14.770000000000003
701216,2025-08-05,CUST-1012,West,Beauty,In-Store,2,56.63,113.26,77.56,35.7
701215,2025-08-05,CUST-1114,North,Sports,Online,2,156.92,313.84,206.38,107.45999999999998
701214,2025-08-05,CUST-1062,West,Sports,Online,1,137.79,137.79,102.37,35.41999999999999
701213,2025-08-05,CUST-1018,North,Home & Kitchen,In-Store,2,198.08,396.16,285.22,110.94
701217,2025-08-05,CUST-1051,South,Beauty,Online,1,85.95,85.95,63.45,22.5
701220,2025-08-06,CUST-1095,West,Apparel,Online,2,83.12,166.24,108.18,58.06
701221,2025-08-06,CUST-1060,South,Beauty,In-Store,1,12.58,12.58,9.22,3.3599999999999994
701222,2025-08-06,CUST-1116,North,Beauty,Online,1,37.88,37.88,26.17,11.71
701218,2025-08-06,CUST-1073,South,Electronics,Online,1,505.24,505.24,321.19,184.05
701219,2025-08-06,CUST-1090,West,Home & Kitchen,In-Store,1,222.63,222.63,143.26,79.37
701226,2025-08-07,CUST-1092,East,Home & Kitchen,In-Store,1,179.48,179.48,116.38,63.099999999999994
701228,2025-08-07,CUST-1039,West,Sports,In-Store,1,94.21,94.21,69.54,24.669999999999987
701223,2025-08-07,CUST-1025,North,Beauty,Online,3,41.58,124.74,73.64,51.099999999999994
701227,2025-08-07,CUST-1085,South,Sports,Online,2,183.44,366.88,251.73,115.15
701225,2025-08-07,CUST-1105,West,Sports,Online,3,137.63,412.89,301.98,110.90999999999997
701224,2025-08-07,CUST-1020,South,Electronics,Online,1,421.89,421.89,264.9,156.99
701236,2025-08-08,CUST-1059,East,Sports,In-Store,2,75.39,150.78,103.82,46.96000000000001
701230,2025-08-08,CUST-1021,East,Electronics,In-Store,2,541.56,1083.12,678.42,404.69999999999993
701237,2025-08-08,CUST-1057,West,Beauty,In-Store,3,50.87,152.61,95.14,57.47000000000001
701231,2025-08-08,CUST-1000,North,Sports,Online,2,12.43,24.86,14.2,10.66
701234,2025-08-08,CUST-1087,North,Home & Kitchen,In-Store,2,207.85,415.7,291.25,124.44999999999999
701229,2025-08-08,CUST-1019,North,Beauty,In-Store,2,33.12,66.24,43.5,22.739999999999995
701232,2025-08-08,CUST-1045,East,Home & Kitchen,In-Store,1,227.12,227.12,129.51,97.61000000000001
701233,2025-08-08,CUST-1026,East,Electronics,Online,3,275.4,826.2,582.78,243.42000000000007
701235,2025-08-08,CUST-1052,East,Electronics,In-Store,1,296.94,296.94,178.9,118.03999999999999
701240,2025-08-09,CUST-1042,North,Apparel,In-Store,1,89.34,89.34,66.86,22.480000000000004
701239,2025-08-09,CUST-1097,East,Sports,In-Store,3,36.59,109.77,74.43,35.33999999999999
701242,2025-08-09,CUST-1051,North,Apparel,In-Store,2,77.44,154.88,98.31,56.56999999999999
701241,2025-08-09,CUST-1113,North,Electronics,Online,2,429.08,858.16,574.72,283.43999999999994
701238,2025-08-09,CUST-1072,South,Home & Kitchen,In-Store,1,150.34,150.34,88.73,61.61
701248,2025-08-10,CUST-1068,North,Electronics,Online,2,107.97,215.94,146.07,69.87
701245,2025-08-10,CUST-1066,North,Electronics,In-Store,1,329.39,329.39,213.45,115.94
701246,2025-08-10,CUST-1037,North,Apparel,In-Store,2,82.12,164.24,93.41,70.83000000000001
701250,2025-08-10,CUST-1019,West,Apparel,Online,2,58.29,116.58,67.18,49.39999999999999
701252,2025-08-10,CUST-1105,South,Home & Kitchen,In-Store,2,217.71,435.42,272.44,162.98000000000002
701249,2025-08-10,CUST-1001,West,Electronics,Online,2,249.78,499.56,334.47,165.08999999999997
701247,2025-08-10,CUST-1101,West,Apparel,In-Store,3,102.4,307.2,218.56,88.63999999999999
701251,2025-08-10,CUST-1004,North,Electronics,In-Store,2,166.51,333.02,185.99,147.02999999999997
701244,2025-08-10,CUST-1118,East,Apparel,Online,2,61.74,123.48,79.48,44.0
701243,2025-08-10,CUST-1014,West,Home & Kitchen,Online,1,159.84,159.84,97.39,62.45
701253,2025-08-11,CUST-1018,East,Sports,In-Store,1,145.87,145.87,101.58,44.290000000000006
701257,2025-08-11,CUST-1019,West,Sports,In-Store,2,96.47,192.94,107.85,85.09
701258,2025-08-11,CUST-1114,East,Sports,In-Store,2,103.13,206.26,152.27,53.98999999999998
701260,2025-08-11,CUST-1085,West,Apparel,Online,1,101.44,101.44,74.55,26.89
701256,2025-08-11,CUST-1007,East,Sports,In-Store,3,165.45,496.35,366.19,130.16000000000003
701259,2025-08-11,CUST-1060,West,Apparel,Online,3,44.81,134.43,80.23,54.2
701255,2025-08-11,CUST-1070,South,Electronics,Online,1,194.85,194.85,129.88,64.97
701254,2025-08-11,CUST-1089,North,Home & Kitchen,In-Store,2,199.76,399.52,238.96,160.55999999999997
701265,2025-08-12,CUST-1040,South,Beauty,In-Store,2,67.59,135.18,89.94,45.24000000000001
701261,2025-08-12,CUST-1052,North,Sports,In-Store,1,139.72,139.72,91.92,47.8
701262,2025-08-12,CUST-1029,West,Home & Kitchen,Online,2,232.79,465.58,299.66,165.91999999999996
701263,2025-08-12,CUST-1013,East,Apparel,In-Store,2,58.92,117.84,82.73,35.11
701264,2025-08-12,CUST-1106,West,Home & Kitchen,Online,1,169.13,169.13,97.54,71.58999999999999
701269,2025-08-13,CUST-1119,West,Home & Kitchen,In-Store,2,190.7,381.4,282.02,99.38
701266,2025-08-13,CUST-1070,North,Electronics,Online,2,479.95,959.9,711.91,247.99
701268,2025-08-13,CUST-1003,West,Apparel,In-Store,2,59.17,118.34,75.36,42.980000000000004
701276,2025-08-14,CUST-1068,West,Apparel,In-Store,1,60.58,60.58,45.36,15.219999999999999
701275,2025-08-14,CUST-1087,North,Sports,In-Store,1,53.83,53.83,36.22,17.61
701273,2025-08-14,CUST-1077,South,Electronics,In-Store,1,458.09,458.09,315.04,143.04999999999995
701270,2025-08-14,CUST-1084,South,Beauty,Online,3,67.5,202.5,149.01,53.49000000000001
701271,2025-08-14,CUST-1039,South,Home & Kitchen,Online,1,156.98,156.98,87.05,69.92999999999999
701272,2025-08-14,CUST-1051,Unknown,Beauty,Online,1,68.77,68.77,43.48,25.29
701274,2025-08-14,CUST-1085,South,Apparel,In-Store,3,39.83,119.49,71.44,48.05
701280,2025-08-15,CUST-1028,South,Sports,Online,1,46.62,46.62,26.85,19.769999999999996
701282,2025-08-15,CUST-1047,East,Beauty,In-Store,1,83.59,83.59,49.4,34.190000000000005
701277,2025-08-15,CUST-1090,South,Apparel,In-Store,3,39.91,119.73,82.61,37.120000000000005
701278,2025-08-15,CUST-1046,North,Sports,Online,2,86.06,172.12,102.0,70.12
701279,2025-08-15,CUST-1104,West,Home & Kitchen,Online,2,105.13,210.26,124.95,85.30999999999999
701281,2025-08-15,CUST-1097,South,Beauty,In-Store,1,42.22,42.22,28.61,13.61
701283,2025-08-16,CUST-1082,West,Electronics,In-Store,1,102.3,102.3,64.69,37.61
701285,2025-08-16,CUST-1042,West,Apparel,In-Store,3,34.53,103.59,71.53,32.06
701287,2025-08-16,CUST-1033,South,Home & Kitchen,In-Store,1,76.3,76.3,49.82,26.479999999999997
701286,2025-08-16,CUST-1022,South,Electronics,In-Store,1,216.48,216.48,131.4,85.07999999999998
701289,2025-08-16,CUST-1082,West,Home & Kitchen,In-Store,3,39.17,117.51,77.78,39.730000000000004
701284,2025-08-16,CUST-1059,South,Apparel,In-Store,1,106.69,106.69,66.06,40.629999999999995
701288,2025-08-16,CUST-1073,South,Home & Kitchen,In-Store,2,32.81,65.62,47.54,18.080000000000005
701290,2025-08-16,CUST-1087,North,Sports,Online,2,76.82,153.64,104.64,48.999999999999986
701292,2025-08-17,CUST-1039,East,Sports,In-Store,2,32.28,64.56,47.51,17.050000000000004
701294,2025-08-17,CUST-1092,North,Electronics,In-Store,2,301.61,603.22,381.77,221.45000000000005
701291,2025-08-17,CUST-1077,East,Electronics,Online,1,277.48,277.48,192.42,85.06000000000003
701293,2025-08-17,CUST-1088,East,Sports,Online,1,124.54,124.54,86.27,38.27000000000001
701296,2025-08-18,CUST-1091,South,Apparel,In-Store,1,20.93,20.93,12.54,8.39
701298,2025-08-18,CUST-1056,North,Beauty,In-Store,2,31.3,62.6,37.63,24.97
701295,2025-08-18,CUST-1069,East,Beauty,In-Store,1,63.99,63.99,42.44,21.550000000000004
701297,2025-08-18,CUST-1074,East,Electronics,Online,1,359.43,359.43,244.08,115.35
701299,2025-08-19,CUST-1005,North,Home & Kitchen,Online,2,41.31,82.62,51.02,31.6
701303,2025-08-19,CUST-1035,South,Beauty,Online,2,83.25,166.5,102.92,63.58
701300,2025-08-19,CUST-1039,West,Home & Kitchen,Online,1,219.62,219.62,152.04,67.58000000000001
701302,2025-08-19,CUST-1098,West,Beauty,In-Store,2,30.5,61.0,44.75,16.25
701301,2025-08-19,CUST-1031,East,Sports,Online,1,181.67,181.67,101.99,79.67999999999999
701305,2025-08-20,CUST-1047,West,Electronics,In-Store,1,510.63,510.63,379.14,131.49
701304,2025-08-20,CUST-1068,East,Beauty,Online,1,29.43,29.43,19.54,9.89
701306,2025-08-20,CUST-1073,East,Home & Kitchen,In-Store,1,85.79,85.79,53.0,32.790000000000006
701307,2025-08-21,CUST-1053,South,Home & Kitchen,In-Store,2,205.04,410.08,270.79,139.28999999999996
701313,2025-08-22,CUST-1036,South,Sports,Online,2,80.46,160.92,91.72,69.19999999999999
701310,2025-08-22,CUST-1049,East,Apparel,Online,2,62.36,124.72,73.36,51.36
701309,2025-08-22,CUST-1021,West,Sports,Online,2,164.61,329.22,205.29,123.93000000000004
701314,2025-08-22,CUST-1070,West,Home & Kitchen,Online,2,34.68,69.36,43.93,25.43
701311,2025-08-22,CUST-1053,South,Electronics,In-Store,1,190.38,190.38,117.17,73.21
701312,2025-08-22,CUST-1091,West,Home & Kitchen,Online,3,187.99,563.97,358.33,205.64000000000004
701316,2025-08-22,CUST-1079,West,Electronics,Online,2,296.13,592.26,435.02,157.24
701315,2025-08-22,CUST-1004,North,Sports,Online,3,28.18,84.54,50.1,34.440000000000005
701318,2025-08-23,CUST-1038,North,Electronics,In-Store,1,141.94,141.94,96.97,44.97
701317,2025-08-23,CUST-1046,East,Home & Kitchen,In-Store,1,223.2,223.2,128.96,94.23999999999998
701326,2025-08-23,CUST-1009,North,Apparel,In-Store,1,21.02,21.02,13.54,7.48
701323,2025-08-23,CUST-1061,West,Home & Kitchen,Online,2,164.05,328.1,222.24,105.86000000000001
701324,2025-08-23,CUST-1022,East,Sports,Online,1,199.72,199.72,124.19,75.53
701321,2025-08-23,CUST-1075,North,Home & Kitchen,In-Store,1,111.9,111.9,65.24,46.66000000000001
701320,2025-08-23,CUST-1034,North,Home & Kitchen,In-Store,2,141.5,283.0,190.76,92.24000000000001
701322,2025-08-23,CUST-1027,West,Beauty,In-Store,1,31.39,31.39,19.86,11.530000000000001
701319,2025-08-23,CUST-1027,North,Sports,In-Store,1,139.25,139.25,103.73,35.519999999999996
701325,2025-08-23,CUST-1084,North,Sports,Online,1,42.76,42.76,25.71,17.049999999999997
701331,2025-08-24,CUST-1030,South,Apparel,Online,1,54.39,54.39,30.26,24.13
701330,2025-08-24,CUST-1005,East,Beauty,Online,1,15.1,15.1,10.77,4.33
701327,2025-08-24,CUST-1043,West,Beauty,Online,2,19.29,38.58,25.58,13.0
701328,2025-08-24,CUST-1028,East,Apparel,Online,2,82.85,165.7,104.15,61.54999999999998
701329,2025-08-24,CUST-1049,North,Sports,In-Store,1,86.06,86.06,54.04,32.02
701332,2025-08-24,CUST-1060,East,Beauty,Online,1,58.77,58.77,33.12,25.650000000000006
701335,2025-08-25,CUST-1008,East,Home & Kitchen,In-Store,3,137.44,412.32,308.92,103.39999999999998
701333,2025-08-25,CUST-1049,South,Electronics,Online,1,201.19,201.19,148.8,52.389999999999986
701334,2025-08-25,CUST-1117,West,Home & Kitchen,Online,2,243.03,486.06,355.62,130.44
701336,2025-08-25,CUST-1065,West,Electronics,In-Store,1,598.74,598.74,389.65,209.09000000000003
701337,2025-08-26,CUST-1030,South,Apparel,In-Store,1,40.41,40.41,23.3,17.109999999999996
701340,2025-08-27,CUST-1098,West,Beauty,In-Store,1,26.14,26.14,18.26,7.879999999999999
701339,2025-08-27,CUST-1023,East,Beauty,In-Store,2,49.71,99.42,69.43,29.989999999999995
701338,2025-08-27,CUST-1061,North,Electronics,In-Store,1,485.07,485.07,287.89,197.18
701345,2025-08-28,CUST-1064,East,Beauty,In-Store,3,19.23,57.69,40.95,16.739999999999995
701346,2025-08-28,CUST-1080,East,Sports,In-Store,3,158.95,476.85,284.21,192.64000000000004
701347,2025-08-28,CUST-1067,South,Home & Kitchen,Online,1,230.25,230.25,146.34,83.91
701344,2025-08-28,CUST-1075,West,Beauty,In-Store,2,70.81,141.62,85.87,55.75
701341,2025-08-28,CUST-1119,South,Apparel,In-Store,1,87.62,87.62,65.13,22.49000000000001
701342,2025-08-28,CUST-1048,East,Beauty,In-Store,1,78.34,78.34,54.84,23.5
701343,2025-08-28,CUST-1101,West,Sports,In-Store,3,150.71,452.13,306.61,145.51999999999998
701348,2025-08-29,CUST-1086,South,Home & Kitchen,In-Store,3,190.98,572.94,358.14,214.80000000000007
701354,2025-08-30,CUST-1100,East,Beauty,Online,1,89.21,89.21,52.16,37.05
701351,2025-08-30,CUST-1039,East,Sports,In-Store,2,133.93,267.86,158.64,109.22000000000003
701353,2025-08-30,CUST-1028,West,Sports,In-Store,2,97.17,194.34,115.53,78.81
701350,2025-08-30,CUST-1097,West,Electronics,In-Store,2,515.13,1030.26,701.21,329.04999999999995
701352,2025-08-30,CUST-1051,West,Apparel,In-Store,3,78.66,235.98,151.16,84.82
701349,2025-08-30,CUST-1019,North,Beauty,In-Store,1,37.07,37.07,25.02,12.05
701358,2025-08-31,CUST-1059,East,Beauty,In-Store,1,72.02,72.02,42.87,29.15
701357,2025-08-31,CUST-1085,West,Electronics,In-Store,1,324.7,324.7,215.38,109.32
701355,2025-08-31,CUST-1046,West,Beauty,In-Store,2,44.78,89.56,55.39,34.17
701356,2025-08-31,CUST-1057,West,Sports,In-Store,3,137.15,411.45,264.28,147.17000000000002
701362,2025-09-01,CUST-1090,South,Beauty,In-Store,1,16.05,16.05,10.48,5.57
701361,2025-09-01,CUST-1006,West,Home & Kitchen,Online,1,45.23,45.23,25.86,19.369999999999997
701360,2025-09-01,CUST-1115,East,Sports,In-Store,3,34.99,104.97,70.88,34.09
701359,2025-09-01,CUST-1055,West,Home & Kitchen,In-Store,1,75.9,75.9,54.85,21.050000000000004
701367,2025-09-02,CUST-1029,North,Sports,Online,1,52.47,52.47,34.91,17.560000000000002
701366,2025-09-02,CUST-1081,West,Home & Kitchen,Online,1,221.06,221.06,125.47,95.59
701364,2025-09-02,CUST-1078,West,Home & Kitchen,Online,1,165.52,165.52,117.89,47.63000000000001
701363,2025-09-02,CUST-1111,South,Beauty,Online,1,70.56,70.56,43.08,27.480000000000004
701365,2025-09-02,CUST-1043,North,Apparel,Online,3,15.69,47.07,32.46,14.61
701368,2025-09-02,CUST-1085,West,Home & Kitchen,Online,2,86.52,173.04,116.14,56.89999999999999
701373,2025-09-03,CUST-1095,North,Sports,In-Store,1,76.77,76.77,55.79,20.979999999999997
701371,2025-09-03,CUST-1070,South,Beauty,In-Store,2,35.26,70.52,44.76,25.759999999999998
701369,2025-09-03,CUST-1064,South,Beauty,Online,1,62.25,62.25,43.31,18.939999999999998
701372,2025-09-03,CUST-1015,North,Home & Kitchen,In-Store,1,138.98,138.98,83.79,55.18999999999998
701374,2025-09-03,CUST-1030,West,Sports,Online,2,33.84,67.68,40.82,26.860000000000007
701370,2025-09-03,CUST-1036,East,Apparel,Online,1,20.74,20.74,12.42,8.319999999999999
701378,2025-09-04,CUST-1020,East,Beauty,Online,1,12.61,12.61,7.19,5.419999999999999
701375,2025-09-04,CUST-1119,North,Electronics,In-Store,1,552.04,552.04,400.65,151.39
701377,2025-09-04,CUST-1029,South,Beauty,In-Store,3,72.74,218.22,145.68,72.53999999999999
701376,2025-09-04,CUST-1115,South,Apparel,Online,2,116.04,232.08,155.84,76.24000000000001
701379,2025-09-04,CUST-1048,West,Electronics,Online,3,545.88,1637.64,1099.34,538.3000000000002
701381,2025-09-05,CUST-1029,West,Beauty,In-Store,1,69.94,69.94,48.73,21.21
701380,2025-09-05,CUST-1117,East,Electronics,In-Store,2,290.56,581.12,365.45,215.67000000000002
701382,2025-09-05,CUST-1043,South,Home & Kitchen,In-Store,1,36.99,36.99,26.72,10.270000000000003
701383,2025-09-05,CUST-1030,South,Home & Kitchen,In-Store,2,49.71,99.42,66.21,33.21000000000001
701384,2025-09-05,CUST-1087,West,Apparel,In-Store,3,104.37,313.11,211.01,102.10000000000002
701385,2025-09-05,CUST-1032,North,Home & Kitchen,In-Store,2,69.3,138.6,90.82,47.78
701389,2025-09-06,CUST-1106,West,Apparel,Online,1,77.98,77.98,48.13,29.85
701387,2025-09-06,CUST-1115,East,Electronics,In-Store,3,272.54,817.62,554.73,262.89
701390,2025-09-06,CUST-1050,West,Home & Kitchen,In-Store,1,132.59,132.59,74.58,58.010000000000005
701386,2025-09-06,CUST-1023,West,Electronics,In-Store,1,413.78,413.78,299.42,114.35999999999996
701388,2025-09-06,CUST-1017,East,Beauty,In-Store,2,31.99,63.98,44.91,19.07
701396,2025-09-07,CUST-1086,South,Sports,In-Store,3,77.35,232.05,133.22,98.83000000000001
701392,2025-09-07,CUST-1042,West,Electronics,Online,1,402.18,402.18,234.93,167.25
701395,2025-09-07,CUST-1067,North,Sports,Online,2,124.45,248.9,141.02,107.88
701391,2025-09-07,CUST-1096,West,Sports,Online,1,36.11,36.11,25.62,10.489999999999998
701397,2025-09-07,CUST-1090,North,Apparel,Online,1,40.75,40.75,25.13,15.620000000000001
701394,2025-09-07,CUST-1048,North,Home & Kitchen,In-Store,2,97.2,194.4,126.57,67.83000000000001
701393,2025-09-07,CUST-1064,East,Apparel,In-Store,2,63.07,126.14,71.93,54.209999999999994
701400,2025-09-08,CUST-1084,South,Sports,Online,3,47.69,143.07,99.03,44.03999999999999
701398,2025-09-08,CUST-1007,North,Home & Kitchen,Online,2,192.09,384.18,261.64,122.54000000000002
701399,2025-09-08,CUST-1094,South,Sports,Online,2,114.88,229.76,144.37,85.38999999999999
701402,2025-09-09,CUST-1005,North,Electronics,Online,3,544.86,1634.58,905.06,729.52
701401,2025-09-09,CUST-1021,South,Beauty,In-Store,2,52.29,104.58,63.29,41.29
701405,2025-09-10,CUST-1048,West,Beauty,Online,2,43.35,86.7,62.93,23.770000000000003
701404,2025-09-10,CUST-1024,West,Apparel,Online,2,61.48,122.96,73.8,49.16
701406,2025-09-10,CUST-1111,West,Sports,Online,2,179.45,358.9,268.39,90.50999999999999
701403,2025-09-10,CUST-1010,East,Beauty,In-Store,2,11.37,22.74,13.56,9.179999999999998
701407,2025-09-10,CUST-1096,South,Apparel,In-Store,2,91.25,182.5,127.58,54.92
701408,2025-09-10,CUST-1108,South,Sports,In-Store,1,171.14,171.14,110.66,60.47999999999999
701411,2025-09-11,CUST-1097,Unknown,Electronics,Online,1,450.8,450.8,291.14,159.66000000000003
701410,2025-09-11,CUST-1038,North,Beauty,Online,1,70.45,70.45,52.51,17.940000000000005
701413,2025-09-11,CUST-1095,North,Home & Kitchen,In-Store,1,146.91,146.91,87.69,59.22
701409,2025-09-11,CUST-1107,North,Sports,Online,3,66.99,200.97,136.25,64.72
701412,2025-09-11,CUST-1086,North,Home & Kitchen,In-Store,1,192.17,192.17,114.7,77.46999999999998
701415,2025-09-12,CUST-1102,East,Electronics,Online,2,149.96,299.92,181.0,118.92000000000002
701414,2025-09-12,CUST-1036,North,Electronics,In-Store,1,261.56,261.56,190.57,70.99000000000001
701416,2025-09-12,CUST-1029,East,Apparel,Online,1,78.51,78.51,56.62,21.890000000000008
701422,2025-09-13,CUST-1092,East,Apparel,Online,1,108.35,108.35,66.88,41.47
701418,2025-09-13,CUST-1082,West,Electronics,Online,3,547.93,1643.79,1155.23,488.55999999999995
701419,2025-09-13,CUST-1091,North,Electronics,Online,3,590.35,1771.05,1168.65,602.3999999999999
701417,2025-09-13,CUST-1059,East,Home & Kitchen,Online,1,92.95,92.95,68.14,24.810000000000002
701423,2025-09-13,CUST-1073,South,Apparel,In-Store,2,97.2,194.4,135.03,59.370000000000005
701421,2025-09-13,CUST-1061,South,Apparel,Online,2,97.36,194.72,109.3,85.42
701420,2025-09-13,CUST-1109,South,Apparel,In-Store,1,98.19,98.19,72.12,26.069999999999993
701424,2025-09-14,CUST-1027,East,Electronics,Online,3,551.06,1653.18,910.88,742.3000000000001
701426,2025-09-14,CUST-1030,South,Electronics,Online,1,433.49,433.49,296.13,137.36
701427,2025-09-14,CUST-1034,West,Beauty,Online,2,53.75,107.5,67.55,39.95
701425,2025-09-14,CUST-1018,Unknown,Sports,Online,1,67.28,67.28,39.99,27.29
701429,2025-09-14,CUST-1004,North,Apparel,Online,2,67.18,134.36,95.59,38.77000000000001
701428,2025-09-14,CUST-1104,East,Home & Kitchen,In-Store,1,226.59,226.59,133.57,93.02000000000001
701430,2025-09-15,CUST-1019,East,Apparel,Online,1,94.74,94.74,65.38,29.36
701432,2025-09-15,CUST-1088,East,Beauty,Online,2,29.85,59.7,36.73,22.970000000000006
701431,2025-09-15,CUST-1079,South,Home & Kitchen,In-Store,1,247.47,247.47,180.93,66.53999999999999
701433,2025-09-16,CUST-1032,East,Apparel,In-Store,2,71.49,142.98,99.55,43.42999999999999
701434,2025-09-16,CUST-1016,East,Home & Kitchen,In-Store,2,138.53,277.06,198.95,78.11000000000001
701440,2025-09-17,CUST-1034,South,Apparel,Online,1,42.67,42.67,26.88,15.790000000000003
701435,2025-09-17,CUST-1058,East,Sports,In-Store,3,188.38,565.14,321.65,243.49
701441,2025-09-17,CUST-1017,North,Home & Kitchen,In-Store,2,162.33,324.66,199.99,124.67000000000002
701437,2025-09-17,CUST-1098,East,Sports,In-Store,1,165.89,165.89,107.1,58.78999999999999
701436,2025-09-17,CUST-1061,South,Beauty,Online,1,26.47,26.47,16.78,9.689999999999998
701439,2025-09-17,CUST-1007,South,Electronics,In-Store,1,510.68,510.68,332.09,178.59000000000003
701438,2025-09-17,CUST-1090,South,Beauty,Online,3,26.57,79.71,48.67,31.039999999999992
701446,2025-09-18,CUST-1029,East,Beauty,Online,1,44.32,44.32,25.48,18.84
701444,2025-09-18,CUST-1065,North,Beauty,In-Store,1,83.88,83.88,60.95,22.929999999999993
701445,2025-09-18,CUST-1048,East,Electronics,In-Store,2,144.71,289.42,212.29,77.13000000000002
701443,2025-09-18,CUST-1023,West,Home & Kitchen,In-Store,1,159.29,159.29,110.39,48.89999999999999
701442,2025-09-18,CUST-1068,South,Home & Kitchen,Online,1,67.62,67.62,46.88,20.740000000000002
701451,2025-09-19,CUST-1086,West,Sports,In-Store,1,166.23,166.23,108.32,57.91
701449,2025-09-19,CUST-1052,West,Electronics,In-Store,2,528.2,1056.4,767.65,288.7500000000001
701447,2025-09-19,CUST-1109,South,Sports,Online,3,15.92,47.76,29.99,17.77
701452,2025-09-19,CUST-1016,East,Sports,Online,1,103.84,103.84,77.69,26.150000000000006
701448,2025-09-19,CUST-1094,West,Sports,In-Store,1,145.35,145.35,105.95,39.39999999999999
701450,2025-09-19,CUST-1049,West,Apparel,In-Store,1,32.47,32.47,19.52,12.95
701454,2025-09-20,CUST-1018,West,Home & Kitchen,Online,1,202.51,202.51,129.25,73.25999999999999
701455,2025-09-20,CUST-1118,North,Apparel,In-Store,2,70.52,141.04,88.31,52.72999999999999
701453,2025-09-20,CUST-1106,North,Home & Kitchen,In-Store,2,200.01,400.02,264.32,135.7
701459,2025-09-21,CUST-1061,South,Apparel,In-Store,2,38.69,77.38,43.11,34.269999999999996
701458,2025-09-21,CUST-1018,South,Beauty,In-Store,1,25.06,25.06,17.25,7.809999999999999
701461,2025-09-21,CUST-1054,West,Apparel,In-Store,2,20.16,40.32,23.78,16.54
701456,2025-09-21,CUST-1014,West,Beauty,Online,2,88.37,176.74,98.17,78.57000000000001
701457,2025-09-21,CUST-1031,East,Apparel,In-Store,1,84.53,84.53,49.94,34.59
701460,2025-09-21,CUST-1000,North,Home & Kitchen,In-Store,1,116.31,116.31,72.07,44.24000000000001
701462,2025-09-22,CUST-1078,West,Home & Kitchen,Online,2,61.76,123.52,73.07,50.45
701464,2025-09-22,CUST-1025,East,Apparel,Online,3,19.46,58.38,36.34,22.04
701463,2025-09-22,CUST-1041,East,Apparel,In-Store,2,24.63,49.26,33.92,15.339999999999996
701468,2025-09-23,CUST-1105,West,Sports,In-Store,2,161.39,322.78,195.09,127.68999999999997
701465,2025-09-23,CUST-1022,West,Apparel,In-Store,2,108.62,217.24,129.63,87.61000000000001
701466,2025-09-23,CUST-1011,East,Apparel,In-Store,1,108.1,108.1,60.19,47.91
701467,2025-09-23,CUST-1086,South,Sports,In-Store,1,52.57,52.57,32.98,19.590000000000003
701474,2025-09-24,CUST-1070,West,Sports,In-Store,1,61.45,61.45,37.52,23.93
701473,2025-09-24,CUST-1009,West,Apparel,In-Store,1,42.27,42.27,25.1,17.17
701472,2025-09-24,CUST-1013,North,Beauty,Online,2,39.8,79.6,47.86,31.739999999999995
701469,2025-09-24,CUST-1093,West,Beauty,In-Store,3,69.94,209.82,136.92,72.9
701471,2025-09-24,CUST-1090,East,Sports,Online,2,93.51,187.02,126.16,60.860000000000014
701470,2025-09-24,CUST-1091,East,Beauty,In-Store,2,83.2,166.4,103.42,62.980000000000004
701479,2025-09-25,CUST-1116,East,Electronics,In-Store,2,566.25,1132.5,770.43,362.07000000000005
701476,2025-09-25,CUST-1107,South,Electronics,In-Store,2,178.4,356.8,263.99,92.81
701482,2025-09-25,CUST-1008,North,Apparel,Online,1,94.54,94.54,55.74,38.800000000000004
701480,2025-09-25,CUST-1086,East,Sports,In-Store,2,117.59,235.18,170.42,64.76000000000002
701477,2025-09-25,CUST-1038,West,Apparel,Online,2,18.82,37.64,28.14,9.5
701475,2025-09-25,CUST-1037,South,Apparel,Online,3,44.36,133.08,73.4,59.68000000000001
701481,2025-09-25,CUST-1039,East,Electronics,Online,2,578.25,1156.5,715.07,441.42999999999995
701486,2025-09-26,CUST-1084,South,Apparel,In-Store,1,103.85,103.85,73.54,30.309999999999988
701488,2025-09-26,CUST-1016,West,Beauty,In-Store,1,77.46,77.46,47.22,30.239999999999995
701484,2025-09-26,CUST-1104,South,Beauty,Online,1,84.5,84.5,60.57,23.93
701487,2025-09-26,CUST-1048,South,Sports,In-Store,2,145.04,290.08,168.24,121.83999999999997
701485,2025-09-26,CUST-1022,East,Apparel,In-Store,1,73.28,73.28,50.75,22.53
701483,2025-09-26,CUST-1003,North,Sports,In-Store,1,122.81,122.81,75.88,46.93000000000001
701490,2025-09-27,CUST-1064,South,Electronics,Online,1,447.18,447.18,304.54,142.64
701492,2025-09-27,CUST-1022,East,Apparel,In-Store,2,76.81,153.62,94.94,58.68000000000001
701491,2025-09-27,CUST-1039,South,Apparel,In-Store,3,68.21,204.63,113.6,91.03
701489,2025-09-27,CUST-1094,East,Apparel,Online,3,62.06,186.18,133.9,52.28
701493,2025-09-28,CUST-1046,North,Apparel,In-Store,1,97.86,97.86,69.64,28.22
701494,2025-09-28,CUST-1032,South,Home & Kitchen,In-Store,1,129.95,129.95,95.84,34.109999999999985
701498,2025-09-29,CUST-1109,West,Apparel,In-Store,1,115.04,115.04,74.7,40.34
701497,2025-09-29,CUST-1047,East,Sports,In-Store,2,65.85,131.7,73.52,58.17999999999999
701495,2025-09-29,CUST-1056,East,Sports,Online,1,164.35,164.35,90.56,73.78999999999999
701499,2025-09-29,CUST-1105,North,Electronics,Online,2,158.88,317.76,222.88,94.88
701496,2025-09-29,CUST-1023,West,Electronics,In-Store,3,466.08,1398.24,836.88,561.36
701502,2025-09-30,CUST-1111,East,Sports,In-Store,1,102.5,102.5,72.94,29.560000000000002
701500,2025-09-30,CUST-1104,North,Electronics,Online,1,391.75,391.75,230.69,161.06
701503,2025-09-30,CUST-1028,North,Beauty,In-Store,1,80.25,80.25,44.38,35.87
701501,2025-09-30,CUST-1104,South,Sports,In-Store,2,131.05,262.1,180.34,81.76000000000002
701504,2025-09-30,CUST-1059,East,Sports,In-Store,2,123.97,247.94,175.25,72.69
701508,2025-10-01,CUST-1095,North,Sports,In-Store,3,159.62,478.86,292.15,186.71000000000004
701510,2025-10-01,CUST-1040,West,Apparel,Online,2,75.26,150.52,82.87,67.65
701507,2025-10-01,CUST-1087,East,Beauty,Online,1,81.69,81.69,57.82,23.869999999999997
701506,2025-10-01,CUST-1079,South,Apparel,Online,1,117.16,117.16,71.99,45.17
701509,2025-10-01,CUST-1069,West,Electronics,In-Store,1,319.14,319.14,176.87,142.26999999999998
701505,2025-10-01,CUST-1021,North,Electronics,In-Store,3,518.17,1554.51,1074.84,479.6700000000001
701511,2025-10-01,CUST-1026,South,Electronics,Online,2,184.66,369.32,254.1,115.22
701513,2025-10-02,CUST-1004,East,Home & Kitchen,Online,1,67.63,67.63,47.41,20.22
701512,2025-10-02,CUST-1030,West,Home & Kitchen,In-Store,1,67.54,67.54,41.67,25.870000000000005
701519,2025-10-02,CUST-1030,North,Apparel,Online,1,73.94,73.94,55.37,18.57
701514,2025-10-02,CUST-1119,South,Sports,In-Store,2,120.14,240.28,174.69,65.59
701515,2025-10-02,CUST-1033,East,Apparel,Online,1,85.18,85.18,52.45,32.730000000000004
701516,2025-10-02,CUST-1065,South,Beauty,In-Store,1,8.37,8.37,5.57,2.799999999999999
701518,2025-10-02,CUST-1025,East,Apparel,In-Store,2,55.26,110.52,79.94,30.58
701517,2025-10-02,CUST-1074,West,Beauty,In-Store,1,49.76,49.76,28.88,20.88
701522,2025-10-03,CUST-1073,North,Sports,In-Store,2,109.27,218.54,141.15,77.38999999999999
701521,2025-10-03,CUST-1067,West,Beauty,In-Store,1,53.67,53.67,35.15,18.520000000000003
701523,2025-10-03,CUST-1049,West,Home & Kitchen,Online,1,139.9,139.9,96.63,43.27000000000001
701520,2025-10-03,CUST-1057,North,Sports,In-Store,2,118.72,237.44,160.6,76.84
701526,2025-10-04,CUST-1054,North,Apparel,In-Store,1,114.11,114.11,76.51,37.599999999999994
701527,2025-10-04,CUST-1086,East,Apparel,In-Store,1,116.81,116.81,74.47,42.34
701528,2025-10-04,CUST-1013,North,Beauty,Online,2,34.43,68.86,46.38,22.479999999999997
701531,2025-10-04,CUST-1089,North,Beauty,In-Store,2,76.99,153.98,87.51,66.46999999999998
701530,2025-10-04,CUST-1014,North,Home & Kitchen,In-Store,1,210.89,210.89,138.49,72.39999999999998
701529,2025-10-04,CUST-1104,West,Electronics,Online,2,336.65,673.3,408.54,264.75999999999993
701524,2025-10-04,CUST-1118,South,Home & Kitchen,In-Store,1,55.09,55.09,35.89,19.200000000000003
701525,2025-10-04,CUST-1076,West,Electronics,In-Store,2,228.23,456.46,321.0,135.45999999999998
701535,2025-10-05,CUST-1017,North,Apparel,Online,3,44.64,133.92,83.12,50.79999999999998
701538,2025-10-05,CUST-1034,North,Apparel,In-Store,2,98.83,197.66,126.89,70.77
701533,2025-10-05,CUST-1098,South,Electronics,Online,2,361.53,723.06,433.79,289.2699999999999
701536,2025-10-05,CUST-1001,North,Sports,In-Store,2,130.29,260.58,184.44,76.13999999999999
701537,2025-10-05,CUST-1060,South,Beauty,Online,1,50.43,50.43,37.01,13.420000000000002
701540,2025-10-06,CUST-1083,North,Beauty,In-Store,2,70.64,141.28,105.79,35.489999999999995
701543,2025-10-06,CUST-1113,South,Home & Kitchen,In-Store,1,157.44,157.44,115.42,42.019999999999996
701539,2025-10-06,CUST-1071,South,Electronics,In-Store,1,472.9,472.9,326.08,146.82
701541,2025-10-06,CUST-1113,North,Beauty,In-Store,2,15.59,31.18,22.82,8.36
701544,2025-10-06,CUST-1054,Unknown,Sports,In-Store,2,72.96,145.92,84.75,61.16999999999999
701542,2025-10-06,CUST-1014,West,Sports,Online,1,46.61,46.61,30.14,16.47
701545,2025-10-07,CUST-1090,West,Beauty,Online,2,44.92,89.84,65.42,24.42
701550,2025-10-07,CUST-1076,North,Sports,In-Store,2,141.5,283.0,184.44,98.56
701546,2025-10-07,CUST-1083,East,Home & Kitchen,In-Store,3,147.68,443.04,306.18,136.86
701548,2025-10-07,CUST-1014,East,Home & Kitchen,In-Store,3,166.53,499.59,326.58,173.01
701549,2025-10-07,CUST-1001,East,Apparel,In-Store,1,83.58,83.58,46.56,37.019999999999996
701547,2025-10-07,CUST-1083,South,Electronics,Online,2,388.94,777.88,471.32,306.56
701551,2025-10-08,CUST-1055,East,Sports,In-Store,1,65.67,65.67,47.22,18.450000000000003
701555,2025-10-08,CUST-1005,North,Beauty,Online,1,37.54,37.54,25.66,11.879999999999999
701553,2025-10-08,CUST-1093,North,Beauty,In-Store,2,88.77,177.54,124.28,53.25999999999999
701552,2025-10-08,CUST-1111,North,Apparel,Online,2,35.55,71.1,52.98,18.119999999999997
701554,2025-10-08,CUST-1091,South,Apparel,In-Store,1,107.52,107.52,64.26,43.25999999999999
701557,2025-10-09,CUST-1026,South,Electronics,In-Store,1,500.63,500.63,306.6,194.02999999999997
701558,2025-10-09,CUST-1096,West,Beauty,In-Store,2,66.31,132.62,98.69,33.93000000000001
701562,2025-10-09,CUST-1107,South,Home & Kitchen,Online,2,27.62,55.24,37.18,18.060000000000002
701560,2025-10-09,CUST-1075,West,Apparel,In-Store,2,117.64,235.28,152.24,83.03999999999999
701561,2025-10-09,CUST-1049,North,Home & Kitchen,In-Store,1,98.01,98.01,67.15,30.86
701556,2025-10-09,CUST-1095,South,Home & Kitchen,In-Store,2,74.82,149.64,106.16,43.47999999999999
701559,2025-10-09,CUST-1065,West,Electronics,In-Store,1,324.46,324.46,234.91,89.54999999999998
701567,2025-10-10,CUST-1007,East,Home & Kitchen,In-Store,3,196.63,589.89,414.66,175.22999999999996
701568,2025-10-10,CUST-1067,West,Sports,Online,2,31.98,63.96,46.76,17.200000000000003
701564,2025-10-10,CUST-1011,North,Apparel,In-Store,3,68.87,206.61,154.07,52.54000000000002
701566,2025-10-10,CUST-1009,East,Home & Kitchen,In-Store,2,37.04,74.08,55.02,19.059999999999995
701565,2025-10-10,CUST-1068,East,Apparel,In-Store,1,39.46,39.46,22.92,16.54
701569,2025-10-11,CUST-1095,South,Beauty,In-Store,1,88.93,88.93,63.97,24.960000000000008
701573,2025-10-11,CUST-1006,South,Beauty,In-Store,3,84.34,253.02,171.25,81.77000000000001
701574,2025-10-11,CUST-1108,East,Sports,In-Store,1,119.61,119.61,67.3,52.31
701571,2025-10-11,CUST-1112,West,Home & Kitchen,In-Store,1,47.48,47.48,26.67,20.809999999999995
701572,2025-10-11,CUST-1084,North,Electronics,Online,1,337.64,337.64,252.78,84.85999999999999
701570,2025-10-11,CUST-1004,East,Beauty,In-Store,1,8.24,8.24,6.16,2.08
701575,2025-10-11,CUST-1015,West,Sports,In-Store,3,37.39,112.17,83.25,28.92
701577,2025-10-12,CUST-1060,North,Apparel,In-Store,1,63.51,63.51,37.17,26.339999999999996
701578,2025-10-12,CUST-1061,South,Sports,Online,3,129.8,389.4,222.61,166.78999999999996
701582,2025-10-12,CUST-1091,North,Sports,In-Store,1,197.99,197.99,138.54,59.45000000000002
701576,2025-10-12,CUST-1055,South,Home & Kitchen,Online,2,34.9,69.8,41.07,28.729999999999997
701581,2025-10-12,CUST-1112,South,Sports,Online,2,20.35,40.7,28.25,12.450000000000003
701580,2025-10-12,CUST-1034,West,Sports,In-Store,2,79.84,159.68,113.67,46.010000000000005
701579,2025-10-12,CUST-1118,South,Apparel,Online,1,104.26,104.26,66.15,38.11
701583,2025-10-13,CUST-1047,East,Electronics,In-Store,1,116.0,116.0,72.1,43.900000000000006
701586,2025-10-13,CUST-1047,West,Electronics,In-Store,2,532.29,1064.58,757.46,307.1199999999999
701584,2025-10-13,CUST-1095,South,Apparel,In-Store,1,65.85,65.85,42.03,23.819999999999993
701585,2025-10-13,CUST-1103,South,Beauty,Online,1,66.59,66.59,40.82,25.770000000000003
701587,2025-10-14,CUST-1032,North,Sports,In-Store,3,71.45,214.35,133.91,80.44
701590,2025-10-14,CUST-1040,South,Apparel,In-Store,1,22.88,22.88,13.54,9.34
701588,2025-10-14,CUST-1062,West,Home & Kitchen,Online,1,166.99,166.99,110.39,56.60000000000001
701589,2025-10-14,CUST-1080,West,Home & Kitchen,Online,2,23.94,47.88,28.53,19.35
701592,2025-10-15,CUST-1024,East,Electronics,In-Store,1,357.88,357.88,268.23,89.64999999999998
701591,2025-10-15,CUST-1079,South,Sports,Online,1,92.82,92.82,52.54,40.279999999999994
701594,2025-10-15,CUST-1066,North,Electronics,Online,2,381.65,763.3,461.79,301.50999999999993
701595,2025-10-15,CUST-1071,East,Home & Kitchen,Online,3,24.91,74.73,48.61,26.120000000000005
701596,2025-10-15,CUST-1080,South,Sports,In-Store,2,77.94,155.88,103.91,51.97
701593,2025-10-15,CUST-1051,East,Apparel,In-Store,2,112.77,225.54,146.07,79.47
701602,2025-10-16,CUST-1024,South,Beauty,In-Store,1,21.25,21.25,11.83,9.42
701601,2025-10-16,CUST-1044,South,Electronics,In-Store,2,523.82,1047.64,691.12,356.5200000000001
701599,2025-10-16,CUST-1091,North,Sports,In-Store,3,56.94,170.82,113.98,56.83999999999999
701600,2025-10-16,CUST-1007,East,Electronics,In-Store,2,232.02,464.04,326.14,137.90000000000003
701598,2025-10-16,CUST-1020,North,Beauty,Online,1,9.46,9.46,5.35,4.110000000000001
701597,2025-10-16,CUST-1075,West,Electronics,In-Store,1,386.76,386.76,220.94,165.82
701604,2025-10-17,CUST-1019,North,Electronics,In-Store,2,390.34,780.68,543.49,237.18999999999994
701608,2025-10-17,CUST-1074,North,Electronics,In-Store,2,364.12,728.24,449.33,278.91
701607,2025-10-17,CUST-1104,West,Electronics,In-Store,3,436.48,1309.44,914.27,395.1700000000001
701610,2025-10-17,CUST-1093,East,Apparel,In-Store,1,86.75,86.75,50.14,36.61
701609,2025-10-17,CUST-1017,West,Beauty,In-Store,1,39.17,39.17,27.02,12.150000000000002
701606,2025-10-17,CUST-1018,East,Electronics,In-Store,3,154.65,463.95,260.32,203.63
701603,2025-10-17,CUST-1082,North,Apparel,In-Store,1,40.77,40.77,22.86,17.910000000000004
701615,2025-10-18,CUST-1079,North,Apparel,In-Store,1,79.66,79.66,59.38,20.279999999999994
701614,2025-10-18,CUST-1118,Unknown,Sports,In-Store,2,48.23,96.46,56.69,39.769999999999996
701612,2025-10-18,CUST-1003,South,Beauty,In-Store,1,42.9,42.9,28.54,14.36
701613,2025-10-18,CUST-1027,East,Beauty,Online,2,79.51,159.02,116.55,42.47000000000001
701621,2025-10-19,CUST-1059,West,Apparel,Online,1,57.46,57.46,36.95,20.509999999999998
701622,2025-10-19,CUST-1106,East,Sports,Online,1,68.14,68.14,48.85,19.29
701617,2025-10-19,CUST-1007,East,Electronics,In-Store,3,173.82,521.46,351.44,170.02000000000004
701616,2025-10-19,CUST-1102,South,Apparel,In-Store,1,96.38,96.38,61.68,34.699999999999996
701619,2025-10-19,CUST-1103,South,Beauty,In-Store,2,46.18,92.36,64.05,28.310000000000002
701623,2025-10-19,CUST-1024,East,Electronics,In-Store,1,303.11,303.11,195.53,107.58000000000001
701618,2025-10-19,CUST-1059,West,Beauty,Online,2,11.18,22.36,13.78,8.58
701620,2025-10-19,CUST-1111,West,Apparel,Online,1,90.86,90.86,59.51,31.35
701624,2025-10-20,CUST-1062,East,Beauty,In-Store,3,17.32,51.96,31.05,20.91
701625,2025-10-21,CUST-1107,North,Home & Kitchen,Online,1,50.53,50.53,30.78,19.75
701626,2025-10-21,CUST-1039,East,Sports,In-Store,1,134.6,134.6,90.35,44.25
701632,2025-10-22,CUST-1009,South,Apparel,Online,2,118.62,237.24,170.71,66.53
701628,2025-10-22,CUST-1115,West,Home & Kitchen,Online,2,161.43,322.86,239.98,82.88000000000002
701631,2025-10-22,CUST-1082,East,Sports,In-Store,2,32.47,64.94,37.76,27.18
701629,2025-10-22,CUST-1013,South,Apparel,In-Store,2,36.16,72.32,44.12,28.199999999999996
701627,2025-10-22,CUST-1003,South,Electronics,In-Store,1,422.15,422.15,254.89,167.26
701630,2025-10-22,CUST-1045,South,Electronics,In-Store,2,235.48,470.96,350.44,120.51999999999998
701633,2025-10-23,CUST-1076,West,Home & Kitchen,In-Store,1,174.26,174.26,106.34,67.91999999999999
701640,2025-10-23,CUST-1085,West,Home & Kitchen,In-Store,1,85.92,85.92,54.61,31.310000000000002
701638,2025-10-23,CUST-1080,East,Home & Kitchen,Online,2,153.78,307.56,194.95,112.61000000000001
701639,2025-10-23,CUST-1093,North,Apparel,In-Store,2,58.46,116.92,76.98,39.94
701636,2025-10-23,CUST-1096,North,Beauty,In-Store,1,30.23,30.23,19.32,10.91
701634,2025-10-23,CUST-1089,South,Home & Kitchen,Online,3,202.77,608.31,356.98,251.32999999999993
701637,2025-10-23,CUST-1001,North,Beauty,In-Store,3,73.55,220.65,132.72,87.93
701635,2025-10-23,CUST-1092,West,Electronics,In-Store,1,410.1,410.1,298.91,111.19
701641,2025-10-24,CUST-1020,North,Sports,In-Store,1,72.44,72.44,47.58,24.86
701642,2025-10-24,CUST-1096,East,Apparel,Online,2,90.48,180.96,125.57,55.390000000000015
701643,2025-10-25,CUST-1106,South,Beauty,In-Store,1,84.06,84.06,62.92,21.14
701644,2025-10-25,CUST-1098,North,Home & Kitchen,Online,2,73.55,147.1,88.4,58.69999999999999
701645,2025-10-25,CUST-1038,East,Home & Kitchen,In-Store,3,170.95,512.85,370.25,142.60000000000002
701647,2025-10-26,CUST-1080,West,Electronics,In-Store,1,150.02,150.02,110.55,39.47000000000001
701646,2025-10-26,CUST-1006,South,Sports,In-Store,2,170.62,341.24,251.32,89.92000000000002
701648,2025-10-26,CUST-1114,North,Beauty,In-Store,1,77.77,77.77,52.02,25.749999999999993
701649,2025-10-26,CUST-1040,East,Apparel,Online,3,25.65,76.95,51.2,25.75
701650,2025-10-26,CUST-1072,South,Apparel,In-Store,3,63.85,191.55,117.15,74.4
701656,2025-10-27,CUST-1014,East,Home & Kitchen,In-Store,1,190.5,190.5,127.48,63.019999999999996
701653,2025-10-27,CUST-1096,West,Sports,In-Store,1,55.14,55.14,30.59,24.55
701655,2025-10-27,CUST-1034,East,Electronics,In-Store,2,493.92,987.84,730.63,257.21000000000004
701652,2025-10-27,CUST-1006,North,Apparel,Online,1,48.71,48.71,29.71,19.0
701651,2025-10-27,CUST-1095,South,Electronics,In-Store,3,443.48,1330.44,873.57,456.87
701654,2025-10-27,CUST-1105,South,Electronics,Online,1,96.94,96.94,63.93,33.01
701658,2025-10-28,CUST-1011,East,Apparel,In-Store,2,63.18,126.36,90.51,35.849999999999994
701657,2025-10-28,CUST-1005,South,Sports,In-Store,2,131.73,263.46,172.71,90.74999999999997
701659,2025-10-28,CUST-1062,East,Sports,In-Store,2,182.52,365.04,217.44,147.60000000000002
701665,2025-10-29,CUST-1031,North,Beauty,Online,2,47.72,95.44,59.63,35.809999999999995
701660,2025-10-29,CUST-1039,East,Electronics,In-Store,1,240.77,240.77,154.54,86.23000000000002
701661,2025-10-29,CUST-1058,East,Home & Kitchen,Online,2,158.06,316.12,183.34,132.78
701663,2025-10-29,CUST-1030,South,Home & Kitchen,Online,1,33.3,33.3,23.87,9.429999999999996
701664,2025-10-29,CUST-1100,South,Sports,Online,3,181.09,543.27,310.16,233.10999999999996
701662,2025-10-29,CUST-1087,South,Apparel,In-Store,1,48.58,48.58,27.76,20.819999999999997
701667,2025-10-30,CUST-1073,West,Beauty,In-Store,2,50.94,101.88,64.33,37.55
701668,2025-10-30,CUST-1008,North,Home & Kitchen,In-Store,1,204.63,204.63,121.68,82.94999999999999
701666,2025-10-30,CUST-1033,West,Beauty,In-Store,1,18.02,18.02,10.72,7.299999999999999
701669,2025-10-31,CUST-1048,South,Beauty,Online,1,82.07,82.07,58.62,23.449999999999996
701670,2025-10-31,CUST-1116,East,Apparel,In-Store,3,86.92,260.76,157.3,103.45999999999998
701673,2025-10-31,CUST-1028,East,Electronics,Online,2,386.72,773.44,536.07,237.37
701671,2025-10-31,CUST-1083,South,Home & Kitchen,Online,3,194.79,584.37,373.24,211.13
701672,2025-10-31,CUST-1010,South,Electronics,In-Store,1,142.4,142.4,95.27,47.13000000000001
701674,2025-11-01,CUST-1047,East,Apparel,In-Store,1,109.07,109.07,71.09,37.97999999999999
701679,2025-11-01,CUST-1047,South,Apparel,In-Store,1,78.11,78.11,43.48,34.63
701678,2025-11-01,CUST-1077,East,Beauty,Online,2,10.17,20.34,13.63,6.709999999999999
701675,2025-11-01,CUST-1039,North,Apparel,Online,1,92.13,92.13,62.34,29.789999999999992
701676,2025-11-01,CUST-1090,West,Sports,In-Store,2,11.01,22.02,15.61,6.41
701677,2025-11-01,CUST-1049,West,Home & Kitchen,In-Store,3,79.8,239.4,171.37,68.03
701682,2025-11-02,CUST-1028,South,Sports,In-Store,2,139.14,278.28,187.03,91.24999999999997
701683,2025-11-02,CUST-1022,North,Beauty,Online,2,17.13,34.26,20.09,14.169999999999998
701680,2025-11-02,CUST-1095,North,Electronics,In-Store,1,476.25,476.25,289.53,186.72000000000003
701681,2025-11-02,CUST-1055,South,Electronics,Online,1,389.09,389.09,278.44,110.64999999999998
701684,2025-11-02,CUST-1047,South,Electronics,In-Store,1,578.38,578.38,353.65,224.73000000000002
701687,2025-11-03,CUST-1082,South,Electronics,Online,1,119.42,119.42,85.32,34.10000000000001
701688,2025-11-03,CUST-1025,West,Home & Kitchen,In-Store,1,206.42,206.42,132.82,73.6
701685,2025-11-03,CUST-1007,West,Beauty,Online,1,42.02,42.02,24.24,17.780000000000005
701686,2025-11-03,CUST-1092,South,Beauty,Online,1,12.53,12.53,7.77,4.76
701689,2025-11-03,CUST-1100,North,Home & Kitchen,Online,1,177.19,177.19,118.58,58.61
701694,2025-11-04,CUST-1008,West,Beauty,In-Store,3,27.31,81.93,48.71,33.220000000000006
701695,2025-11-04,CUST-1085,West,Beauty,Online,3,58.53,175.59,120.39,55.2
701690,2025-11-04,CUST-1097,South,Sports,In-Store,2,49.43,98.86,60.12,38.74
701691,2025-11-04,CUST-1018,East,Home & Kitchen,In-Store,1,110.16,110.16,80.64,29.519999999999996
701696,2025-11-04,CUST-1051,West,Electronics,In-Store,1,583.93,583.93,435.61,148.31999999999994
701692,2025-11-04,CUST-1047,West,Electronics,Online,3,126.77,380.31,257.42,122.88999999999999
701693,2025-11-04,CUST-1024,South,Electronics,In-Store,2,146.95,293.9,217.96,75.93999999999997
701697,2025-11-05,CUST-1013,West,Home & Kitchen,In-Store,2,222.38,444.76,316.03,128.73000000000002
701698,2025-11-05,CUST-1095,North,Beauty,Online,1,71.3,71.3,51.73,19.57
701700,2025-11-05,CUST-1105,East,Sports,In-Store,1,83.33,83.33,47.45,35.879999999999995
701699,2025-11-05,CUST-1021,North,Home & Kitchen,Online,1,34.45,34.45,23.36,11.090000000000003
701702,2025-11-06,CUST-1051,West,Beauty,Online,3,35.45,106.35,73.31,33.03999999999999
701703,2025-11-06,CUST-1038,East,Home & Kitchen,Online,2,185.17,370.34,231.11,139.22999999999996
701701,2025-11-06,CUST-1072,East,Sports,Online,1,54.9,54.9,34.66,20.240000000000002
701704,2025-11-06,CUST-1010,East,Electronics,In-Store,3,350.69,1052.07,692.83,359.2399999999999
701705,2025-11-06,CUST-1112,North,Sports,In-Store,3,16.18,48.54,31.98,16.56
701706,2025-11-07,CUST-1039,South,Apparel,In-Store,1,56.92,56.92,35.93,20.990000000000002
701707,2025-11-07,CUST-1112,North,Electronics,Online,2,590.42,1180.84,826.62,354.2199999999999
701708,2025-11-07,CUST-1011,East,Home & Kitchen,In-Store,1,113.07,113.07,75.18,37.889999999999986
701711,2025-11-08,CUST-1077,South,Home & Kitchen,In-Store,1,22.64,22.64,14.05,8.59
701709,2025-11-08,CUST-1074,South,Electronics,In-Store,2,325.22,650.44,444.88,205.56000000000006
701712,2025-11-08,CUST-1055,South,Electronics,In-Store,3,106.72,320.16,196.75,123.41000000000003
701710,2025-11-08,CUST-1057,East,Apparel,Online,2,94.27,188.54,133.81,54.72999999999999
701713,2025-11-09,CUST-1038,West,Electronics,In-Store,3,444.66,1333.98,762.34,571.64
701714,2025-11-09,CUST-1067,East,Electronics,Online,1,414.77,414.77,309.26,105.50999999999999
701716,2025-11-09,CUST-1028,East,Apparel,In-Store,2,36.83,73.66,44.38,29.279999999999994
701715,2025-11-09,CUST-1004,East,Beauty,In-Store,2,8.76,17.52,10.06,7.459999999999999
701717,2025-11-09,CUST-1104,South,Home & Kitchen,In-Store,1,234.43,234.43,144.3,90.13
701721,2025-11-10,CUST-1051,North,Sports,Online,1,136.24,136.24,101.09,35.150000000000006
701720,2025-11-10,CUST-1068,North,Home & Kitchen,In-Store,1,90.82,90.82,57.44,33.379999999999995
701718,2025-11-10,CUST-1066,South,Electronics,Online,2,154.73,309.46,177.7,131.76
701719,2025-11-10,CUST-1019,North,Sports,In-Store,3,88.03,264.09,152.69,111.39999999999998
701723,2025-11-11,CUST-1026,North,Beauty,In-Store,1,42.03,42.03,29.95,12.080000000000002
701722,2025-11-11,CUST-1050,West,Beauty,In-Store,1,15.57,15.57,8.98,6.59
701728,2025-11-12,CUST-1048,West,Beauty,In-Store,1,86.73,86.73,54.19,32.540000000000006
701726,2025-11-12,CUST-1004,North,Electronics,In-Store,1,383.6,383.6,215.56,168.04000000000002
701730,2025-11-12,CUST-1087,South,Home & Kitchen,In-Store,1,36.99,36.99,26.78,10.21
701725,2025-11-12,CUST-1051,North,Apparel,In-Store,2,47.4,94.8,54.5,40.3
701724,2025-11-12,CUST-1009,South,Sports,Online,3,25.35,76.05,51.28,24.769999999999996
701727,2025-11-12,CUST-1094,North,Home & Kitchen,In-Store,2,123.91,247.82,148.74,99.07999999999998
701729,2025-11-12,CUST-1029,North,Electronics,Online,1,505.53,505.53,370.34,135.19
701733,2025-11-13,CUST-1048,West,Sports,In-Store,3,96.88,290.64,200.45,90.19
701731,2025-11-13,CUST-1050,East,Apparel,Online,2,111.71,223.42,135.76,87.66
701732,2025-11-13,CUST-1114,East,Sports,In-Store,1,134.34,134.34,99.41,34.93000000000001
701734,2025-11-13,CUST-1072,West,Electronics,Online,1,412.9,412.9,299.54,113.35999999999996
701736,2025-11-14,CUST-1106,South,Sports,In-Store,2,168.58,337.16,216.71,120.45000000000002
701739,2025-11-14,CUST-1030,South,Electronics,In-Store,1,246.8,246.8,137.29,109.51000000000002
701737,2025-11-14,CUST-1032,South,Beauty,In-Store,1,15.86,15.86,11.88,3.9799999999999986
701738,2025-11-14,CUST-1007,South,Home & Kitchen,In-Store,2,35.1,70.2,51.17,19.03
701735,2025-11-14,CUST-1099,South,Home & Kitchen,In-Store,1,38.53,38.53,24.35,14.18
701741,2025-11-14,CUST-1103,North,Apparel,Online,2,57.6,115.2,63.55,51.650000000000006
701740,2025-11-14,CUST-1014,South,Beauty,In-Store,2,27.05,54.1,36.4,17.700000000000003
701744,2025-11-15,CUST-1053,North,Electronics,Online,3,390.86,1172.58,706.44,466.1399999999999
701743,2025-11-15,CUST-1097,East,Electronics,In-Store,2,545.13,1090.26,709.67,380.59000000000003
701746,2025-11-15,CUST-1021,West,Home & Kitchen,Online,1,88.01,88.01,56.37,31.640000000000008
701745,2025-11-15,CUST-1031,East,Sports,In-Store,1,26.79,26.79,17.21,9.579999999999998
701742,2025-11-15,CUST-1104,East,Home & Kitchen,In-Store,1,20.16,20.16,14.59,5.57
701748,2025-11-16,CUST-1029,East,Apparel,In-Store,2,66.01,132.02,89.77,42.250000000000014
701751,2025-11-16,CUST-1019,East,Home & Kitchen,In-Store,2,131.41,262.82,182.01,80.81
701755,2025-11-16,CUST-1048,West,Sports,In-Store,1,191.26,191.26,115.78,75.47999999999999
701753,2025-11-16,CUST-1113,South,Beauty,In-Store,1,51.54,51.54,31.78,19.759999999999998
701749,2025-11-16,CUST-1002,North,Sports,Online,1,147.62,147.62,82.22,65.4
701752,2025-11-16,CUST-1026,North,Electronics,In-Store,3,537.66,1612.98,1202.66,410.31999999999994
701754,2025-11-16,CUST-1016,East,Beauty,In-Store,2,17.9,35.8,26.34,9.459999999999997
701750,2025-11-16,CUST-1089,East,Beauty,In-Store,2,45.45,90.9,58.82,32.080000000000005
701747,2025-11-16,CUST-1010,West,Beauty,Online,1,79.19,79.19,55.72,23.47
701756,2025-11-17,CUST-1027,East,Beauty,In-Store,3,58.71,176.13,109.07,67.06
701762,2025-11-17,CUST-1106,North,Apparel,Online,1,102.92,102.92,61.06,41.86
701758,2025-11-17,CUST-1057,West,Electronics,In-Store,1,338.31,338.31,192.23,146.08
701757,2025-11-17,CUST-1035,East,Beauty,In-Store,1,84.2,84.2,54.53,29.67
701763,2025-11-17,CUST-1097,West,Sports,In-Store,1,183.43,183.43,111.46,71.97000000000001
701760,2025-11-17,CUST-1051,South,Apparel,In-Store,1,41.38,41.38,23.35,18.03
701761,2025-11-17,CUST-1068,West,Electronics,In-Store,1,392.52,392.52,221.84,170.67999999999998
701759,2025-11-17,CUST-1048,North,Beauty,Online,1,87.04,87.04,51.85,35.190000000000005
701764,2025-11-18,CUST-1063,North,Beauty,Online,1,37.77,37.77,26.12,11.650000000000002
701768,2025-11-18,CUST-1034,West,Apparel,Online,1,85.3,85.3,58.19,27.11
701765,2025-11-18,CUST-1000,West,Beauty,Online,3,39.77,119.31,67.83,51.480000000000004
701767,2025-11-18,CUST-1046,South,Home & Kitchen,Online,1,125.12,125.12,69.27,55.85000000000001
701766,2025-11-18,CUST-1069,North,Sports,Online,3,43.81,131.43,78.8,52.63000000000001
701770,2025-11-19,CUST-1075,East,Beauty,In-Store,3,53.2,159.6,92.45,67.14999999999999
701772,2025-11-19,CUST-1075,North,Apparel,Online,2,87.03,174.06,124.25,49.81
701769,2025-11-19,CUST-1069,East,Home & Kitchen,In-Store,1,239.18,239.18,133.25,105.93
701773,2025-11-19,CUST-1093,West,Electronics,Online,2,280.05,560.1,355.0,205.10000000000002
701771,2025-11-19,CUST-1071,East,Home & Kitchen,Online,2,107.23,214.46,155.7,58.76000000000002
701774,2025-11-19,CUST-1058,East,Electronics,Online,1,556.69,556.69,383.0,173.69000000000005
701776,2025-11-19,CUST-1055,North,Sports,In-Store,1,95.04,95.04,57.05,37.99000000000001
701775,2025-11-19,CUST-1101,North,Beauty,Online,2,30.02,60.04,34.85,25.189999999999998
701782,2025-11-20,CUST-1086,South,Home & Kitchen,In-Store,3,202.41,607.23,398.11,209.12
701780,2025-11-20,CUST-1100,West,Sports,In-Store,1,166.62,166.62,109.85,56.77000000000001
701783,2025-11-20,CUST-1054,East,Beauty,Online,1,40.96,40.96,26.58,14.380000000000003
701781,2025-11-20,CUST-1015,East,Sports,In-Store,2,102.67,205.34,124.41,80.93
701777,2025-11-20,CUST-1044,North,Apparel,In-Store,3,75.15,225.45,141.4,84.04999999999998
701779,2025-11-20,CUST-1015,West,Apparel,In-Store,2,53.17,106.34,76.71,29.63000000000001
701778,2025-11-20,CUST-1106,North,Electronics,In-Store,1,511.67,511.67,344.03,167.64000000000004
701787,2025-11-21,CUST-1070,South,Home & Kitchen,Online,1,147.4,147.4,92.92,54.480000000000004
701786,2025-11-21,CUST-1066,East,Electronics,In-Store,2,363.52,727.04,458.8,268.23999999999995
701784,2025-11-21,CUST-1063,East,Beauty,In-Store,3,10.26,30.78,17.19,13.59
701785,2025-11-21,CUST-1002,East,Electronics,Online,2,363.95,727.9,420.71,307.19
701788,2025-11-21,CUST-1020,North,Electronics,In-Store,3,185.47,556.41,389.94,166.46999999999997
701789,2025-11-21,CUST-1100,West,Sports,In-Store,1,129.51,129.51,93.62,35.889999999999986
701790,2025-11-22,CUST-1033,East,Beauty,In-Store,1,61.67,61.67,34.63,27.04
701791,2025-11-22,CUST-1093,South,Sports,Online,1,158.07,158.07,103.54,54.52999999999999
701795,2025-11-23,CUST-1025,North,Home & Kitchen,In-Store,1,180.71,180.71,104.06,76.65
701796,2025-11-23,CUST-1068,North,Sports,In-Store,1,35.99,35.99,21.3,14.690000000000001
701794,2025-11-23,CUST-1116,West,Electronics,Online,2,283.54,567.08,373.27,193.81000000000006
701792,2025-11-23,CUST-1103,South,Sports,In-Store,1,24.83,24.83,16.83,8.0
701793,2025-11-23,CUST-1004,South,Sports,In-Store,1,74.49,74.49,48.73,25.759999999999998
701797,2025-11-24,CUST-1089,North,Apparel,Online,1,104.02,104.02,62.17,41.849999999999994
701799,2025-11-24,CUST-1007,North,Beauty,In-Store,1,17.77,17.77,10.24,7.529999999999999
701802,2025-11-24,CUST-1073,North,Beauty,Online,2,28.29,56.58,38.69,17.89
701800,2025-11-24,CUST-1119,North,Apparel,Online,1,114.2,114.2,73.59,40.61
701801,2025-11-24,CUST-1017,West,Electronics,Online,2,209.55,419.1,236.6,182.50000000000003
701798,2025-11-24,CUST-1012,West,Beauty,In-Store,1,40.81,40.81,30.13,10.680000000000003
701803,2025-11-25,CUST-1030,South,Home & Kitchen,In-Store,1,45.38,45.38,32.01,13.370000000000005
701806,2025-11-25,CUST-1028,East,Electronics,In-Store,1,129.69,129.69,90.41,39.28
701805,2025-11-25,CUST-1021,South,Apparel,Online,3,119.34,358.02,230.11,127.90999999999997
701804,2025-11-25,CUST-1047,East,Home & Kitchen,In-Store,2,161.0,322.0,225.99,96.00999999999999
701809,2025-11-26,CUST-1010,North,Beauty,Online,1,50.11,50.11,34.57,15.54
701810,2025-11-26,CUST-1000,North,Electronics,Online,2,286.72,573.44,424.0,149.44000000000005
701811,2025-11-26,CUST-1031,North,Sports,Online,1,34.66,34.66,23.71,10.949999999999996
701807,2025-11-26,CUST-1072,West,Apparel,In-Store,1,96.45,96.45,58.93,37.52
701808,2025-11-26,CUST-1052,South,Beauty,Online,1,30.93,30.93,22.8,8.129999999999999
701812,2025-11-27,CUST-1061,South,Electronics,In-Store,1,598.06,598.06,405.03,193.02999999999997
701813,2025-11-27,CUST-1001,West,Home & Kitchen,Online,1,69.07,69.07,39.18,29.889999999999993
701816,2025-11-27,CUST-1063,North,Apparel,In-Store,2,101.55,203.1,141.08,62.01999999999998
701814,2025-11-27,CUST-1099,South,Apparel,In-Store,1,95.84,95.84,66.77,29.070000000000007
701815,2025-11-27,CUST-1033,West,Electronics,Online,2,448.41,896.82,586.83,309.99
701820,2025-11-28,CUST-1060,South,Sports,In-Store,1,172.65,172.65,106.12,66.53
701818,2025-11-28,CUST-1004,East,Sports,In-Store,1,171.36,171.36,127.31,44.05000000000001
701819,2025-11-28,CUST-1006,South,Home & Kitchen,In-Store,2,104.47,208.94,123.49,85.45
701817,2025-11-28,CUST-1018,South,Electronics,In-Store,2,567.01,1134.02,628.23,505.78999999999996
701821,2025-11-28,CUST-1080,North,Home & Kitchen,In-Store,3,158.4,475.2,283.09,192.11
701822,2025-11-29,CUST-1089,West,Home & Kitchen,In-Store,1,174.03,174.03,116.36,57.67
701825,2025-11-29,CUST-1025,East,Electronics,In-Store,3,83.9,251.7,182.12,69.57999999999998
701823,2025-11-29,CUST-1113,East,Home & Kitchen,Online,3,247.35,742.05,506.04,236.00999999999993
701824,2025-11-29,CUST-1059,East,Apparel,In-Store,3,73.16,219.48,150.16,69.32
701826,2025-11-30,CUST-1040,West,Apparel,In-Store,1,107.93,107.93,63.29,44.64000000000001
701827,2025-11-30,CUST-1119,South,Beauty,In-Store,2,52.81,105.62,74.9,30.72
701829,2025-11-30,CUST-1058,West,Electronics,In-Store,1,541.72,541.72,378.55,163.17000000000002
701828,2025-11-30,CUST-1017,West,Apparel,In-Store,2,21.78,43.56,24.05,19.51
701831,2025-12-01,CUST-1051,East,Sports,In-Store,2,59.54,119.08,72.8,46.28
701832,2025-12-01,CUST-1080,West,Apparel,Online,3,33.89,101.67,57.25,44.42
701830,2025-12-01,CUST-1055,North,Apparel,Online,1,71.75,71.75,43.56,28.189999999999998
701835,2025-12-02,CUST-1029,North,Beauty,In-Store,2,87.98,175.96,97.56,78.4
701834,2025-12-02,CUST-1003,North,Electronics,In-Store,1,406.69,406.69,282.11,124.57999999999998
701833,2025-12-02,CUST-1040,Unknown,Electronics,Online,1,376.89,376.89,239.69,137.2
701836,2025-12-03,CUST-1080,South,Apparel,In-Store,2,68.3,136.6,76.78,59.81999999999999
701842,2025-12-03,CUST-1070,East,Apparel,Online,3,55.81,167.43,112.78,54.650000000000006
701837,2025-12-03,CUST-1094,West,Apparel,Online,1,73.86,73.86,47.99,25.869999999999997
701838,2025-12-03,CUST-1050,South,Sports,Online,2,152.78,305.56,182.2,123.36000000000001
701839,2025-12-03,CUST-1065,West,Beauty,Online,1,69.5,69.5,40.27,29.229999999999997
701841,2025-12-03,CUST-1045,West,Electronics,Online,1,199.26,199.26,111.16,88.1
701840,2025-12-03,CUST-1006,East,Home & Kitchen,In-Store,2,211.78,423.56,269.93,153.63
701843,2025-12-03,CUST-1056,North,Beauty,In-Store,3,67.45,202.35,151.75,50.599999999999994
701852,2025-12-04,CUST-1033,East,Sports,In-Store,2,105.22,210.44,131.12,79.32
701850,2025-12-04,CUST-1043,West,Beauty,In-Store,1,64.58,64.58,41.98,22.6
701849,2025-12-04,CUST-1041,West,Home & Kitchen,In-Store,1,139.52,139.52,84.06,55.46000000000001
701844,2025-12-04,CUST-1022,North,Apparel,In-Store,1,38.84,38.84,29.07,9.770000000000003
701846,2025-12-04,CUST-1103,East,Apparel,In-Store,3,28.57,85.71,63.02,22.68999999999999
701851,2025-12-04,CUST-1031,South,Beauty,Online,1,70.29,70.29,40.33,29.960000000000008
701848,2025-12-04,CUST-1032,East,Electronics,In-Store,2,516.52,1033.04,686.46,346.5799999999999
701845,2025-12-04,CUST-1054,North,Sports,Online,1,104.41,104.41,60.13,44.279999999999994
701858,2025-12-05,CUST-1027,East,Electronics,Online,2,284.26,568.52,362.88,205.64
701860,2025-12-05,CUST-1085,South,Home & Kitchen,In-Store,3,64.31,192.93,135.83,57.099999999999994
701859,2025-12-05,CUST-1000,West,Electronics,In-Store,1,266.85,266.85,192.79,74.06000000000003
701853,2025-12-05,CUST-1011,North,Home & Kitchen,In-Store,1,242.1,242.1,162.27,79.82999999999998
701855,2025-12-05,CUST-1084,West,Sports,In-Store,1,14.95,14.95,10.23,4.719999999999999
701856,2025-12-05,CUST-1058,North,Home & Kitchen,Online,3,116.13,348.39,250.96,97.42999999999998
701854,2025-12-05,CUST-1048,North,Sports,In-Store,2,175.12,350.24,230.91,119.33000000000001
701866,2025-12-06,CUST-1018,East,Home & Kitchen,In-Store,3,111.0,333.0,215.01,117.99000000000001
701863,2025-12-06,CUST-1095,East,Apparel,Online,1,15.1,15.1,10.09,5.01
701861,2025-12-06,CUST-1047,South,Electronics,In-Store,2,158.71,317.42,189.06,128.36
701862,2025-12-06,CUST-1115,East,Apparel,In-Store,1,100.79,100.79,62.23,38.56000000000001
701865,2025-12-06,CUST-1036,South,Apparel,Online,2,107.74,215.48,131.5,83.97999999999999
701864,2025-12-06,CUST-1008,East,Electronics,In-Store,3,176.18,528.54,348.52,180.01999999999998
701867,2025-12-07,CUST-1044,West,Sports,In-Store,3,150.45,451.35,272.67,178.68
701871,2025-12-07,CUST-1044,West,Beauty,In-Store,2,44.97,89.94,64.29,25.64999999999999
701870,2025-12-07,CUST-1077,East,Beauty,In-Store,1,54.12,54.12,36.9,17.22
701869,2025-12-07,CUST-1078,West,Apparel,In-Store,3,68.85,206.55,139.46,67.09
701868,2025-12-07,CUST-1046,West,Home & Kitchen,In-Store,1,171.66,171.66,110.72,60.94
701872,2025-12-07,CUST-1074,East,Sports,In-Store,2,18.68,37.36,23.05,14.309999999999999
701874,2025-12-08,CUST-1044,East,Home & Kitchen,Online,1,190.51,190.51,124.59,65.91999999999999
701875,2025-12-08,CUST-1113,South,Home & Kitchen,In-Store,2,239.79,479.58,288.52,191.06
701876,2025-12-08,CUST-1064,East,Apparel,In-Store,1,56.71,56.71,36.02,20.689999999999998
701880,2025-12-09,CUST-1034,South,Sports,Online,2,67.84,135.68,95.36,40.32000000000001
701879,2025-12-09,CUST-1018,East,Home & Kitchen,In-Store,1,58.07,58.07,41.41,16.660000000000004
701878,2025-12-09,CUST-1086,South,Apparel,In-Store,3,43.61,130.83,73.53,57.30000000000001
701877,2025-12-09,CUST-1104,East,Home & Kitchen,Online,3,103.43,310.29,211.27,99.02000000000001
701884,2025-12-10,CUST-1014,North,Home & Kitchen,Online,2,224.77,449.54,307.69,141.85000000000002
701886,2025-12-10,CUST-1069,South,Electronics,In-Store,1,84.93,84.93,53.73,31.20000000000001
701882,2025-12-10,CUST-1077,North,Beauty,Online,1,39.11,39.11,23.18,15.93
701887,2025-12-10,CUST-1031,South,Home & Kitchen,Online,1,40.42,40.42,22.67,17.75
701881,2025-12-10,CUST-1059,West,Beauty,In-Store,3,11.87,35.61,25.29,10.32
701885,2025-12-10,CUST-1046,West,Home & Kitchen,Online,2,205.5,411.0,283.72,127.27999999999997
701888,2025-12-10,CUST-1050,West,Sports,In-Store,1,144.86,144.86,86.41,58.45000000000002
701883,2025-12-10,CUST-1104,South,Electronics,In-Store,1,438.62,438.62,251.46,187.16
701891,2025-12-11,CUST-1043,West,Home & Kitchen,Online,2,39.65,79.3,57.78,21.519999999999996
701889,2025-12-11,CUST-1116,West,Apparel,In-Store,1,54.7,54.7,32.29,22.410000000000004
701892,2025-12-11,CUST-1056,North,Beauty,In-Store,1,67.16,67.16,37.57,29.589999999999996
701895,2025-12-11,CUST-1030,East,Beauty,Online,1,44.71,44.71,25.2,19.51
701893,2025-12-11,CUST-1103,North,Electronics,In-Store,3,112.19,336.57,224.83,111.73999999999998
701890,2025-12-11,CUST-1082,North,Home & Kitchen,Online,2,122.57,245.14,164.75,80.38999999999999
701894,2025-12-11,CUST-1029,North,Home & Kitchen,In-Store,2,198.83,397.66,240.44,157.22000000000003
701897,2025-12-12,CUST-1004,South,Apparel,In-Store,1,112.11,112.11,83.66,28.450000000000003
701899,2025-12-12,CUST-1083,South,Home & Kitchen,Online,2,89.89,179.78,131.93,47.849999999999994
701898,2025-12-12,CUST-1103,East,Home & Kitchen,Online,2,239.65,479.3,349.53,129.77000000000004
701900,2025-12-12,CUST-1028,East,Sports,In-Store,1,68.1,68.1,48.98,19.119999999999997
701901,2025-12-12,CUST-1090,East,Sports,In-Store,2,73.91,147.82,96.42,51.39999999999999
701903,2025-12-13,CUST-1056,West,Apparel,Online,1,65.87,65.87,44.45,21.42
701905,2025-12-13,CUST-1070,West,Sports,Online,1,74.65,74.65,43.76,30.890000000000008
701902,2025-12-13,CUST-1119,North,Electronics,Online,1,207.68,207.68,136.79,70.89000000000001
701904,2025-12-13,CUST-1007,South,Electronics,In-Store,1,432.14,432.14,288.73,143.40999999999997
701906,2025-12-13,CUST-1022,East,Electronics,Online,1,443.51,443.51,254.94,188.57
701909,2025-12-14,CUST-1004,East,Sports,In-Store,2,89.14,178.28,124.42,53.86
701907,2025-12-14,CUST-1056,South,Beauty,In-Store,2,14.53,29.06,18.24,10.82
701908,2025-12-14,CUST-1082,East,Beauty,In-Store,1,44.46,44.46,27.17,17.29
701911,2025-12-14,CUST-1054,West,Sports,In-Store,1,130.3,130.3,82.53,47.77000000000001
701910,2025-12-14,CUST-1041,East,Electronics,In-Store,1,298.1,298.1,204.74,93.36000000000001
701913,2025-12-15,CUST-1074,South,Sports,In-Store,1,182.8,182.8,129.26,53.54000000000002
701914,2025-12-15,CUST-1113,North,Apparel,In-Store,2,20.96,41.92,23.06,18.860000000000003
701912,2025-12-15,CUST-1105,East,Beauty,In-Store,1,52.97,52.97,29.14,23.83
701922,2025-12-16,CUST-1034,West,Sports,In-Store,2,164.63,329.26,196.8,132.45999999999998
701919,2025-12-16,CUST-1049,North,Electronics,In-Store,1,466.73,466.73,333.8,132.93
701924,2025-12-16,CUST-1047,West,Beauty,In-Store,2,83.67,167.34,103.69,63.650000000000006
701916,2025-12-16,CUST-1065,East,Home & Kitchen,In-Store,1,118.88,118.88,82.94,35.94
701920,2025-12-16,CUST-1099,East,Beauty,Online,1,46.87,46.87,34.42,12.449999999999996
701921,2025-12-16,CUST-1085,East,Sports,Online,1,16.94,16.94,10.88,6.0600000000000005
701917,2025-12-16,CUST-1051,East,Beauty,Online,2,42.15,84.3,55.34,28.959999999999994
701918,2025-12-16,CUST-1073,North,Apparel,Online,2,38.99,77.98,50.06,27.92
701923,2025-12-16,CUST-1021,North,Sports,In-Store,2,62.82,125.64,80.66,44.980000000000004
701915,2025-12-16,CUST-1005,South,Sports,Online,2,118.3,236.6,165.14,71.46000000000001
701928,2025-12-17,CUST-1082,South,Electronics,In-Store,1,518.73,518.73,286.14,232.59000000000003
701929,2025-12-17,CUST-1058,South,Beauty,In-Store,2,9.71,19.42,11.1,8.320000000000002
701926,2025-12-17,CUST-1021,South,Home & Kitchen,Online,1,126.47,126.47,79.44,47.03
701925,2025-12-17,CUST-1050,South,Apparel,Online,1,110.48,110.48,78.3,32.18000000000001
701927,2025-12-17,CUST-1108,West,Beauty,In-Store,1,9.72,9.72,5.74,3.9800000000000004
701935,2025-12-18,CUST-1075,North,Sports,In-Store,2,187.2,374.4,273.38,101.01999999999998
701930,2025-12-18,CUST-1075,West,Home & Kitchen,Online,2,190.47,380.94,212.61,168.32999999999998
701931,2025-12-18,CUST-1038,West,Beauty,In-Store,1,41.48,41.48,26.84,14.639999999999997
701933,2025-12-18,CUST-1020,South,Electronics,In-Store,1,485.86,485.86,363.75,122.11000000000001
701934,2025-12-18,CUST-1023,East,Beauty,Online,1,42.17,42.17,28.57,13.600000000000001
701932,2025-12-18,CUST-1090,South,Apparel,In-Store,1,48.03,48.03,31.55,16.48
701937,2025-12-19,CUST-1014,South,Electronics,Online,1,572.08,572.08,416.26,155.82000000000005
701938,2025-12-19,CUST-1084,West,Beauty,In-Store,1,10.18,10.18,7.53,2.6499999999999995
701939,2025-12-19,CUST-1003,East,Electronics,In-Store,1,538.62,538.62,356.14,182.48000000000002
701936,2025-12-19,CUST-1084,South,Electronics,Online,1,93.26,93.26,55.98,37.28000000000001
701941,2025-12-20,CUST-1070,South,Apparel,Online,3,46.58,139.74,102.87,36.870000000000005
701940,2025-12-20,CUST-1063,North,Sports,Online,2,19.82,39.64,24.49,15.150000000000002
701947,2025-12-21,CUST-1065,South,Electronics,Online,3,287.1,861.3,493.93,367.36999999999995
701945,2025-12-21,CUST-1118,West,Electronics,In-Store,2,506.24,1012.48,580.45,432.03
701943,2025-12-21,CUST-1003,West,Sports,In-Store,2,182.04,364.08,249.36,114.71999999999997
701942,2025-12-21,CUST-1075,East,Home & Kitchen,Online,1,103.73,103.73,76.88,26.85000000000001
701944,2025-12-21,CUST-1087,East,Home & Kitchen,Online,1,204.02,204.02,150.54,53.48000000000002
701946,2025-12-21,CUST-1007,North,Sports,In-Store,2,78.66,157.32,96.45,60.86999999999999
701950,2025-12-22,CUST-1041,East,Apparel,In-Store,1,48.58,48.58,32.68,15.899999999999999
701949,2025-12-22,CUST-1094,Unknown,Home & Kitchen,In-Store,1,65.62,65.62,36.61,29.010000000000005
701952,2025-12-22,CUST-1077,West,Beauty,In-Store,2,54.41,108.82,74.88,33.94
701953,2025-12-22,CUST-1035,South,Beauty,Online,2,35.55,71.1,40.47,30.629999999999995
701954,2025-12-22,CUST-1062,East,Beauty,In-Store,2,64.63,129.26,90.36,38.89999999999999
701948,2025-12-22,CUST-1060,East,Sports,In-Store,3,83.74,251.22,146.51,104.71000000000001
701951,2025-12-22,CUST-1099,West,Beauty,Online,1,33.17,33.17,22.82,10.350000000000001
701959,2025-12-23,CUST-1082,North,Home & Kitchen,In-Store,2,137.58,275.16,165.3,109.86000000000001
701958,2025-12-23,CUST-1086,East,Sports,In-Store,2,110.96,221.92,130.68,91.23999999999998
701960,2025-12-23,CUST-1116,South,Home & Kitchen,Online,2,134.0,268.0,152.34,115.66
701955,2025-12-23,CUST-1026,West,Beauty,Online,1,8.41,8.41,5.04,3.37
701956,2025-12-23,CUST-1050,East,Beauty,Online,1,59.45,59.45,42.82,16.630000000000003
701961,2025-12-23,CUST-1046,East,Apparel,In-Store,3,37.31,111.93,72.98,38.95
701957,2025-12-23,CUST-1032,East,Sports,Online,1,188.51,188.51,122.85,65.66
701965,2025-12-24,CUST-1002,West,Apparel,Online,1,89.14,89.14,66.01,23.129999999999995
701962,2025-12-24,CUST-1111,South,Apparel,In-Store,3,83.0,249.0,173.03,75.97
701964,2025-12-24,CUST-1075,West,Beauty,In-Store,2,42.64,85.28,58.76,26.520000000000003
701963,2025-12-24,CUST-1078,Unknown,Apparel,Online,2,67.06,134.12,99.55,34.57000000000001
701969,2025-12-25,CUST-1015,West,Apparel,In-Store,1,116.44,116.44,77.1,39.34
701967,2025-12-25,CUST-1045,West,Electronics,In-Store,2,273.92,547.84,367.59,180.25000000000006
701966,2025-12-25,CUST-1073,West,Home & Kitchen,In-Store,1,215.57,215.57,126.12,89.44999999999999
701970,2025-12-25,CUST-1048,West,Apparel,In-Store,1,111.08,111.08,77.17,33.91
701968,2025-12-25,CUST-1095,North,Home & Kitchen,Online,1,191.45,191.45,143.54,47.91
701972,2025-12-26,CUST-1036,North,Electronics,In-Store,2,547.63,1095.26,669.65,425.61
701971,2025-12-26,CUST-1068,East,Home & Kitchen,Online,1,183.52,183.52,123.59,59.93000000000001
701973,2025-12-26,CUST-1113,Unknown,Sports,Online,1,52.03,52.03,33.73,18.300000000000004
701974,2025-12-26,CUST-1035,South,Electronics,Online,3,92.49,277.47,172.62,104.85000000000002
701976,2025-12-27,CUST-1062,West,Beauty,Online,1,68.05,68.05,43.74,24.309999999999995
701975,2025-12-27,CUST-1056,South,Electronics,In-Store,1,517.77,517.77,345.32,172.45
701979,2025-12-27,CUST-1039,South,Beauty,Online,1,73.21,73.21,54.67,18.539999999999992
701977,2025-12-27,CUST-1038,East,Home & Kitchen,In-Store,1,64.67,64.67,43.75,20.92
701978,2025-12-27,CUST-1107,East,Sports,Online,1,69.23,69.23,51.66,17.570000000000007
701983,2025-12-28,CUST-1064,South,Home & Kitchen,In-Store,1,220.75,220.75,163.97,56.78
701981,2025-12-28,CUST-1073,West,Sports,In-Store,2,94.17,188.34,133.43,54.91
701982,2025-12-28,CUST-1029,West,Sports,In-Store,2,136.81,273.62,173.26,100.36000000000001
701980,2025-12-28,CUST-1003,North,Electronics,In-Store,3,534.21,1602.63,1021.49,581.1400000000001
701984,2025-12-28,CUST-1083,South,Beauty,In-Store,2,70.89,141.78,79.23,62.55
701992,2025-12-29,CUST-1015,South,Electronics,Online,1,550.74,550.74,307.0,243.74
701986,2025-12-29,CUST-1071,West,Home & Kitchen,In-Store,2,244.6,489.2,363.06,126.13999999999999
701988,2025-12-29,CUST-1115,North,Apparel,In-Store,1,39.06,39.06,22.72,16.340000000000003
701994,2025-12-29,CUST-1055,North,Beauty,In-Store,1,34.68,34.68,24.44,10.239999999999998
701991,2025-12-29,CUST-1112,North,Apparel,Online,1,114.23,114.23,76.49,37.74000000000001
701989,2025-12-29,CUST-1090,South,Beauty,In-Store,2,43.93,87.86,49.14,38.72
701985,2025-12-29,CUST-1075,South,Beauty,In-Store,1,58.9,58.9,44.01,14.89
701990,2025-12-29,CUST-1100,West,Electronics,Online,1,232.19,232.19,161.05,71.13999999999999
701993,2025-12-29,CUST-1013,South,Home & Kitchen,In-Store,1,96.7,96.7,53.86,42.84
701998,2025-12-30,CUST-1046,North,Beauty,In-Store,3,89.29,267.87,169.28,98.59
701999,2025-12-30,CUST-1035,South,Apparel,In-Store,1,31.34,31.34,19.52,11.82
701996,2025-12-30,CUST-1006,West,Apparel,In-Store,1,31.7,31.7,20.02,11.68
701995,2025-12-30,CUST-1027,North,Sports,Online,1,117.86,117.86,80.7,37.16
701997,2025-12-30,CUST-1045,South,Beauty,In-Store,3,73.33,219.99,122.16,97.83000000000001
702001,2025-12-31,CUST-1088,West,Home & Kitchen,In-Store,1,145.7,145.7,80.3,65.39999999999999
702000,2025-12-31,CUST-1015,North,Home & Kitchen,In-Store,3,63.44,190.32,137.73,52.59
702002,2025-12-31,CUST-1076,West,Home & Kitchen,In-Store,1,62.16,62.16,35.13,27.029999999999994
702003,2025-12-31,CUST-1085,South,Home & Kitchen,In-Store,3,21.79,65.37,43.6,21.770000000000003
702004,2025-12-31,CUST-1082,North,Beauty,In-Store,1,71.38,71.38,52.8,18.58
